title,price,price_raw,location,link,scraped_at,source,bedrooms,bathrooms,clean_location,price_category,price_per_bedroom,price_rank_in_location,listings_in_location,price_segment
"Barra de desayuno, piscina, patio/balcón privado.",1084,"$1,084","11457 Dennis Rd, Dallas, TX",https://dallas.craigslist.org/dal/apa/d/dallas-barra-de-desayuno-piscina-patio/7928214760.html,2026-04-16 18:41:15.982429,craigslist,,,"11457 Dennis Rd, Dallas",Mid-Range,,1,4,Mid-Range
"Private Patio/Balcony, Highways Nearby, On-site parking",1175,"$1,175","11457 Dennis Rd, Dallas, TX",https://dallas.craigslist.org/dal/apa/d/dallas-private-patio-balcony-highways/7922293851.html,2026-04-16 18:41:15.988906,craigslist,,,"11457 Dennis Rd, Dallas",Mid-Range,,2,4,Mid-Range
899.00 Move in Special!! Come Save in our community today!,1275,"$1,275","11457 Dennis Rd, Dallas, TX",https://dallas.craigslist.org/dal/apa/d/dallas-move-in-special-come-save-in-our/7923465266.html,2026-04-16 18:41:15.985027,craigslist,,,"11457 Dennis Rd, Dallas",Premium,,3,4,Premium
"Calefacción central y aire acondicionado, piscina, alfombra de lujo.",1275,"$1,275","11457 Dennis Rd, Dallas, TX",https://dallas.craigslist.org/dal/apa/d/dallas-calefaccin-central-aire/7925975255.html,2026-04-16 18:41:15.992384,craigslist,,,"11457 Dennis Rd, Dallas",Premium,,3,4,Premium
WINCHESTER ARMS Apartment Homes,1003,"$1,003","1201 S. Austin Comanche, Texas",https://dallas.craigslist.org/ftw/apa/d/comanche-winchester-arms-apartment-homes/7919144900.html,2026-04-16 18:41:15.986296,craigslist,,,"1201 S. Austin Comanche, Texas",Mid-Range,,1,2,Mid-Range
WINCHESTER ARMS Aparment Homes,1136,"$1,136","1201 S. Austin Comanche, Texas",https://dallas.craigslist.org/ftw/apa/d/comanche-winchester-arms-aparment-homes/7919145225.html,2026-04-16 18:41:15.986124,craigslist,,,"1201 S. Austin Comanche, Texas",Mid-Range,,2,2,Mid-Range
Pay Weekly and Stay Without the Hassle of a Lease!,399,$399,"12745 N Fwy, Fort Worth, TX",https://dallas.craigslist.org/ftw/apa/d/fort-worth-pay-weekly-and-stay-without/7927756248.html,2026-04-16 18:41:15.988991,craigslist,,,"12745 N Fwy, Fort Worth",Budget,,1,2,Budget
"Month-to-Month Flexibility - No Lease, No Deposit, No Long Commitment!",1507,"$1,507","12745 N Fwy, Fort Worth, TX",https://dallas.craigslist.org/ftw/apa/d/fort-worth-month-to-month-flexibility/7928185659.html,2026-04-16 18:41:15.992682,craigslist,,,"12745 N Fwy, Fort Worth",Premium,,2,2,Premium
"Window Coverings, BBQ/Picnic Area, Dishwasher",795,$795,"1400 Shady Ln, Bedford, TX",https://dallas.craigslist.org/mdf/apa/d/bedford-window-coverings-bbq-picnic/7928189890.html,2026-04-16 18:41:15.990930,craigslist,,,"1400 Shady Ln, Bedford",Budget,,1,3,Budget
"Ceiling Fan, Window Coverings, Refrigerator",1125,"$1,125","1400 Shady Ln, Bedford, TX",https://dallas.craigslist.org/mdf/apa/d/bedford-ceiling-fan-window-coverings/7926872003.html,2026-04-16 18:41:15.984854,craigslist,,,"1400 Shady Ln, Bedford",Mid-Range,,2,3,Mid-Range
"Air Conditioner, Efficient Appliances, Patio/Balcony",1125,"$1,125","1400 Shady Ln, Bedford, TX",https://dallas.craigslist.org/mdf/apa/d/bedford-air-conditioner-efficient/7926376642.html,2026-04-16 18:41:15.994431,craigslist,,,"1400 Shady Ln, Bedford",Mid-Range,,2,3,Mid-Range
"Close to schools, Window coverings, 1 BD",935,$935,"14000 Esperanza Road, Dallas, TX",https://dallas.craigslist.org/ndf/apa/d/dallas-close-to-schools-window/7922964218.html,2026-04-16 18:41:15.984562,craigslist,1.0,,"14000 Esperanza Road, Dallas",Mid-Range,935.0,1,3,Mid-Range
"1bd 1ba, Open-concept, Dishwasher",1000,"$1,000","14000 Esperanza Road, Dallas, TX",https://dallas.craigslist.org/ndf/apa/d/dallas-1bd-1ba-open-concept-dishwasher/7925615156.html,2026-04-16 18:41:15.988608,craigslist,1.0,1.0,"14000 Esperanza Road, Dallas",Mid-Range,1000.0,2,3,Mid-Range
"1/bd, Close to restaurants, Located in Dallas",1000,"$1,000","14000 Esperanza Road, Dallas, TX",https://dallas.craigslist.org/ndf/apa/d/dallas-bd-close-to-restaurants-located/7927281125.html,2026-04-16 18:41:15.993007,craigslist,,,"14000 Esperanza Road, Dallas",Mid-Range,,2,3,Mid-Range
"Online Service requests, in Dallas TX, 1/bd",700,$700,"14018 Brookgreen Drive, Dallas, TX",https://dallas.craigslist.org/ndf/apa/d/dallas-online-service-requests-in/7926429470.html,2026-04-16 18:41:15.981300,craigslist,,,"14018 Brookgreen Drive, Dallas",Budget,,1,3,Budget
"Ceiling fans, Window coverings, Heat included",700,$700,"14018 Brookgreen Drive, Dallas, TX",https://dallas.craigslist.org/ndf/apa/d/dallas-ceiling-fans-window-coverings/7928215946.html,2026-04-16 18:41:15.981597,craigslist,,,"14018 Brookgreen Drive, Dallas",Budget,,1,3,Budget
"Located in Dallas, Package receiving, 1 BD",700,$700,"14018 Brookgreen Drive, Dallas, TX",https://dallas.craigslist.org/ndf/apa/d/dallas-located-in-dallas-package/7927276361.html,2026-04-16 18:41:15.990541,craigslist,1.0,,"14018 Brookgreen Drive, Dallas",Budget,700.0,1,3,Budget
"Apartments Studio – Convenient, Comfortable, All Utilities Paid",1145,"$1,145","16060 Dallas Pkwy, Dallas, TX",https://dallas.craigslist.org/dal/apa/d/addison-apartments-studio-convenient/7922227448.html,2026-04-16 18:41:15.981250,craigslist,0.0,,"16060 Dallas Pkwy, Dallas",Mid-Range,,1,1,Mid-Range
🔥 STOP SCROLLING — YOUR NEW 2 BED ROOM HOME IS HERE! 🔥,1259,"$1,259",2101 Pinehurst Lane,https://dallas.craigslist.org/mdf/apa/d/mesquite-stop-scrolling-your-new-bed/7925165194.html,2026-04-16 18:41:15.985621,craigslist,2.0,,2101 Pinehurst Lane,Premium,630.0,1,2,Premium
🔥 STOP SCROLLING — • ✨ 6 WEEKS FREE 2 BED ROOM HOME IS HERE! 🔥,1259,"$1,259",2101 Pinehurst Lane,https://dallas.craigslist.org/mdf/apa/d/mesquite-stop-scrolling-weeks-free-bed/7925164490.html,2026-04-16 18:41:15.985663,craigslist,2.0,,2101 Pinehurst Lane,Premium,630.0,1,2,Premium
1st Month $599,1200,"$1,200","2333 Escalante Ave, Dallas / Fort Worth, TX",https://dallas.craigslist.org/mdf/apa/d/fort-worth-1st-month-599/7925937721.html,2026-04-16 18:41:15.988391,craigslist,,,"2333 Escalante Ave, Dallas / Fort Worth",Premium,,1,1,Premium
"Washer/Dryer Connections, Laundry Facilities, Large Closets",1200,"$1,200","2333 Escalante Ave, Fort Worth, TX",https://dallas.craigslist.org/ftw/apa/d/fort-worth-washer-dryer-connections/7927756275.html,2026-04-16 18:41:15.990146,craigslist,,,"2333 Escalante Ave, Fort Worth",Premium,,1,4,Premium
"BBQ/Picnic Area, Wood Plank Floors, Playground",1445,"$1,445","2333 Escalante Ave, Fort Worth, TX",https://dallas.craigslist.org/ftw/apa/d/fort-worth-bbq-picnic-area-wood-plank/7928213901.html,2026-04-16 18:41:15.983184,craigslist,,,"2333 Escalante Ave, Fort Worth",Premium,,2,4,Premium
All Units Washer/Dryer Connections / 1st MONTH $599,1445,"$1,445","2333 Escalante Ave, Fort Worth, TX",https://dallas.craigslist.org/ftw/apa/d/fort-worth-all-units-washer-dryer/7928185688.html,2026-04-16 18:41:15.992599,craigslist,,,"2333 Escalante Ave, Fort Worth",Premium,,2,4,Premium
"Apply today / Patio/Balcony, Ceiling Fans, BBQ/Picnic Area",1700,"$1,700","2333 Escalante Ave, Fort Worth, TX",https://dallas.craigslist.org/ftw/apa/d/fort-worth-apply-today-patio-balcony/7928202293.html,2026-04-16 18:41:15.988006,craigslist,,,"2333 Escalante Ave, Fort Worth",Premium,,4,4,Premium
"Wi-Fi At Pool And Clubhouse, Playground, Flex Rent",959,$959,"248 E Southwest Pkwy, Lewisville, TX",https://dallas.craigslist.org/ndf/apa/d/lewisville-wi-fi-at-pool-and-clubhouse/7924792209.html,2026-04-16 18:41:15.989634,craigslist,,,"248 E Southwest Pkwy, Lewisville",Mid-Range,,1,2,Mid-Range
"On-Site Maintenance, Clubhouse, BBQ/Picnic Area",1199,"$1,199","248 E Southwest Pkwy, Lewisville, TX",https://dallas.craigslist.org/ndf/apa/d/lewisville-on-site-maintenance/7928187279.html,2026-04-16 18:41:15.991655,craigslist,,,"248 E Southwest Pkwy, Lewisville",Mid-Range,,2,2,Mid-Range
"Separate Dining Area, Cable ready, LED Lighting",775,$775,"2501 Webb Chapel Ext, Dallas, TX",https://dallas.craigslist.org/ndf/apa/d/dallas-separate-dining-area-cable-ready/7925119437.html,2026-04-16 18:41:15.983098,craigslist,,,"2501 Webb Chapel Ext, Dallas",Budget,,1,2,Budget
"1BD 1BA, Tile backsplash, Close to airport",775,$775,"2501 Webb Chapel Ext, Dallas, TX",https://dallas.craigslist.org/ndf/apa/d/dallas-1bd-1ba-tile-backsplash-close-to/7922442127.html,2026-04-16 18:41:15.989892,craigslist,1.0,1.0,"2501 Webb Chapel Ext, Dallas",Budget,775.0,1,2,Budget
"Business Center, Spacious Closets, On-Site Laundry Facility",925,$925,"2700 Martin Dr, Bedford, TX",https://dallas.craigslist.org/mdf/apa/d/bedford-business-center-spacious/7928187240.html,2026-04-16 18:41:15.991698,craigslist,,,"2700 Martin Dr, Bedford",Mid-Range,,1,3,Mid-Range
"Private Balcony or Patio, Resident Referral Program, Clubhouse",1050,"$1,050","2700 Martin Dr, Bedford, TX",https://dallas.craigslist.org/mdf/apa/d/bedford-private-balcony-or-patio/7925976027.html,2026-04-16 18:41:15.981056,craigslist,,,"2700 Martin Dr, Bedford",Mid-Range,,2,3,Mid-Range
"Reserved Covered Parking, Washer Dryer Connections, Saltwater Pools",1400,"$1,400","2700 Martin Dr, Bedford, TX",https://dallas.craigslist.org/mdf/apa/d/bedford-reserved-covered-parking-washer/7927301123.html,2026-04-16 18:41:15.990887,craigslist,,,"2700 Martin Dr, Bedford",Premium,,3,3,Premium
"Professional On-Site Management, Clubhouse, Spacious Closets",910,$910,"2801 Turnberry Dr, Arlington, TX",https://dallas.craigslist.org/mdf/apa/d/arlington-professional-on-site/7926697351.html,2026-04-16 18:41:15.990585,craigslist,,,"2801 Turnberry Dr, Arlington",Mid-Range,,1,4,Mid-Range
"Clubhouse, Charcoal Barbeque Grill Area, Resort-Style Pool and Spa",1105,"$1,105","2801 Turnberry Dr, Arlington, TX",https://dallas.craigslist.org/mdf/apa/d/arlington-clubhouse-charcoal-barbeque/7928200186.html,2026-04-16 18:41:15.988565,craigslist,,,"2801 Turnberry Dr, Arlington",Mid-Range,,2,4,Mid-Range
"24/7 Online Resident Portal, 24-Hour Fitness Center, Clubhouse",1245,"$1,245","2801 Turnberry Dr, Arlington, TX",https://dallas.craigslist.org/mdf/apa/d/arlington-24-online-resident-portal-24/7928187573.html,2026-04-16 18:41:15.991613,craigslist,,,"2801 Turnberry Dr, Arlington",Premium,,3,4,Premium
"Private Patio or Balcony with Storage Space, Clubhouse, Soaking Tubs",1505,"$1,505","2801 Turnberry Dr, Arlington, TX",https://dallas.craigslist.org/mdf/apa/d/arlington-private-patio-or-balcony-with/7926907285.html,2026-04-16 18:41:15.987299,craigslist,,,"2801 Turnberry Dr, Arlington",Premium,,4,4,Premium
1st Floor Studio  Available! 1 MONTH FREE!,1020,"$1,020","3130 Lombardy Ln, Dallas, TX",https://dallas.craigslist.org/ndf/apa/d/dallas-1st-floor-studio-available-month/7928203340.html,2026-04-16 18:41:15.987485,craigslist,0.0,,"3130 Lombardy Ln, Dallas",Mid-Range,,1,5,Mid-Range
Hot Leasing Specials + FREE $20 Gas Gift Card — Apply Today!,1195,"$1,195","3130 Lombardy Ln, Dallas, TX",https://dallas.craigslist.org/ndf/apa/d/dallas-hot-leasing-specials-free-20-gas/7928215020.html,2026-04-16 18:41:15.982337,craigslist,,,"3130 Lombardy Ln, Dallas",Mid-Range,,2,5,Mid-Range
Find Your Dallas Home Today / Encuentra Tu Hogar en Dallas,1195,"$1,195","3130 Lombardy Ln, Dallas, TX",https://dallas.craigslist.org/ndf/apa/d/dallas-find-your-dallas-home-today/7927737186.html,2026-04-16 18:41:15.993907,craigslist,,,"3130 Lombardy Ln, Dallas",Mid-Range,,2,5,Mid-Range
Move-In Special / Especial de Mudanza — Hasta 6 Semanas Gratis,1370,"$1,370","3130 Lombardy Ln, Dallas, TX",https://dallas.craigslist.org/ndf/apa/d/dallas-move-in-special-especial-de/7927297329.html,2026-04-16 18:41:15.984435,craigslist,,,"3130 Lombardy Ln, Dallas",Premium,,4,5,Premium
"Patio/Balcony, Fitness Center, Clubhouse",1375,"$1,375","3130 Lombardy Ln, Dallas, TX",https://dallas.craigslist.org/ndf/apa/d/dallas-patio-balcony-fitness-center/7927308851.html,2026-04-16 18:41:15.991057,craigslist,,,"3130 Lombardy Ln, Dallas",Premium,,5,5,Premium
Check-in Today! - Rooms Going Quickly with 1st Week Discount!,399,$399,"3401 N Central Expy N, McKinney, TX",https://dallas.craigslist.org/ndf/apa/d/mckinney-check-in-today-rooms-going/7926377470.html,2026-04-16 18:41:15.992470,craigslist,,,"3401 N Central Expy N, Mckinney",Budget,,1,4,Budget
"Monthly Special - Check In Today - No Lease, No Deposit, No Worries!",1539,"$1,539","3401 N Central Expy N, McKinney, TX",https://dallas.craigslist.org/ndf/apa/d/mckinney-monthly-special-check-in-today/7926473731.html,2026-04-16 18:41:15.980894,craigslist,,,"3401 N Central Expy N, Mckinney",Premium,,2,4,Premium
"Hurry! Only 5 Units Left - No Deposit, No Lease",1539,"$1,539","3401 N Central Expy N, McKinney, TX",https://dallas.craigslist.org/ndf/apa/d/mckinney-hurry-only-units-left-no/7927754494.html,2026-04-16 18:41:15.988346,craigslist,,,"3401 N Central Expy N, Mckinney",Premium,,2,4,Premium
"Pay Monthly, Stress-Free - No Lease, No Deposit Required!",1539,"$1,539","3401 N Central Expy N, McKinney, TX",https://dallas.craigslist.org/ndf/apa/d/mckinney-pay-monthly-stress-free-no/7928186235.html,2026-04-16 18:41:15.992204,craigslist,,,"3401 N Central Expy N, Mckinney",Premium,,2,4,Premium
"1B/1B, On-Site Maintenance, On-Site Management Team",949,$949,"350 Shady Ln Dr, Fort Worth, TX",https://dallas.craigslist.org/ftw/apa/d/fort-worth-1b-1b-on-site-maintenance-on/7920565436.html,2026-04-16 18:41:15.991995,craigslist,,,"350 Shady Ln Dr, Fort Worth",Mid-Range,,1,2,Mid-Range
"On-Site Maintenance, Off-Street Parking, Storage Unit",1349,"$1,349","350 Shady Ln Dr, Fort Worth, TX",https://dallas.craigslist.org/ftw/apa/d/fort-worth-on-site-maintenance-off/7922210286.html,2026-04-16 18:41:15.982557,craigslist,,,"350 Shady Ln Dr, Fort Worth",Premium,,2,2,Premium
"1BD 1BA, Close to shopping, Package receiving",825,$825,"3565 Timberglen Rd, Dallas, TX",https://dallas.craigslist.org/ndf/apa/d/dallas-1bd-1ba-close-to-shopping/7921962840.html,2026-04-16 18:41:15.987534,craigslist,1.0,1.0,"3565 Timberglen Rd, Dallas",Mid-Range,825.0,1,2,Mid-Range
"Close to schools, Onsite management, 1/bd 1/ba",825,$825,"3565 Timberglen Rd, Dallas, TX",https://dallas.craigslist.org/ndf/apa/d/dallas-close-to-schools-onsite/7922964037.html,2026-04-16 18:41:15.992640,craigslist,,,"3565 Timberglen Rd, Dallas",Mid-Range,,1,2,Mid-Range
"Business Center, Covered Parking, Window Coverings",1891,"$1,891","3701 N O'Connor Rd, Irving, TX",https://dallas.craigslist.org/mdf/apa/d/irving-business-center-covered-parking/7924910136.html,2026-04-16 18:41:15.992121,craigslist,,,"3701 N O'Connor Rd, Irving",Premium,,1,2,Premium
"2 bedroom, Refrigerator, Laundry Facility",1946,"$1,946","3701 N O'Connor Rd, Irving, TX",https://dallas.craigslist.org/mdf/apa/d/irving-bedroom-refrigerator-laundry/7926628091.html,2026-04-16 18:41:15.988436,craigslist,2.0,,"3701 N O'Connor Rd, Irving",Premium,973.0,2,2,Premium
"Weekly and Monthly Rates. No Lease, No Credit Check",439,$439,"380 W Lyndon B Johnson Fwy, Irving, TX",https://dallas.craigslist.org/ndf/apa/d/irving-weekly-and-monthly-rates-no/7928185687.html,2026-04-16 18:41:15.992555,craigslist,,,"380 W Lyndon B Johnson Fwy, Irving",Budget,,1,3,Budget
"Flexible Living: No Lease, Pay Your Way - Weekly Rates Available!",439,$439,"380 W Lyndon B Johnson Fwy, Irving, TX",https://dallas.craigslist.org/ndf/apa/d/irving-flexible-living-no-lease-pay/7925924463.html,2026-04-16 18:41:15.993312,craigslist,,,"380 W Lyndon B Johnson Fwy, Irving",Budget,,1,3,Budget
Must-Have Amenities at Prices You'll Love!,1689,"$1,689","380 W Lyndon B Johnson Fwy, Irving, TX",https://dallas.craigslist.org/ndf/apa/d/irving-must-have-amenities-at-prices/7927755136.html,2026-04-16 18:41:15.984174,craigslist,,,"380 W Lyndon B Johnson Fwy, Irving",Premium,,3,3,Premium
$0 Deposit $0 App Fee,1310,"$1,310","4211 San Jacinto St, Dallas, TX",https://dallas.craigslist.org/dal/apa/d/dallas-deposit-app-fee/7921783260.html,2026-04-16 18:41:15.985447,craigslist,,,"4211 San Jacinto St, Dallas",Premium,,1,2,Premium
$0 DEPOSIT,1310,"$1,310","4211 San Jacinto St, Dallas, TX",https://dallas.craigslist.org/dal/apa/d/dallas-deposit/7921616172.html,2026-04-16 18:41:15.990718,craigslist,,,"4211 San Jacinto St, Dallas",Premium,,1,2,Premium
"Cable Ready, Fireplace, Electronic Thermostat",920,$920,"4328 Duck Creek Dr, Garland, TX",https://dallas.craigslist.org/mdf/apa/d/garland-cable-ready-fireplace/7928202310.html,2026-04-16 18:41:15.987964,craigslist,,,"4328 Duck Creek Dr, Garland",Mid-Range,,1,3,Mid-Range
"Reserved Parking, On-Site Maintenance, Laundry Facilities",920,$920,"4328 Duck Creek Dr, Garland, TX",https://dallas.craigslist.org/mdf/apa/d/garland-reserved-parking-on-site/7927756216.html,2026-04-16 18:41:15.989720,craigslist,,,"4328 Duck Creek Dr, Garland",Mid-Range,,1,3,Mid-Range
"Refrigerator, 3 Inch Baseboards, Private Backyards",960,$960,"4328 Duck Creek Dr, Garland, TX",https://dallas.craigslist.org/mdf/apa/d/garland-refrigerator-inch-baseboards/7926820323.html,2026-04-16 18:41:15.984521,craigslist,,,"4328 Duck Creek Dr, Garland",Mid-Range,,3,3,Mid-Range
"Act Fast! Limited Availability - No Lease, No Deposit",359,$359,"4505 N Interstate 35, Denton, TX",https://dallas.craigslist.org/ndf/apa/d/denton-act-fast-limited-availability-no/7926428360.html,2026-04-16 18:41:15.984813,craigslist,,,"4505 N Interstate 35, Denton",Budget,,1,2,Budget
"Manager's Special: No Lease, No Deposit Required",1399,"$1,399","4505 N Interstate 35, Denton, TX",https://dallas.craigslist.org/ndf/apa/d/denton-managers-special-no-lease-no/7928186592.html,2026-04-16 18:41:15.992037,craigslist,,,"4505 N Interstate 35, Denton",Premium,,2,2,Premium
"Business Center, Granite Countertops select units, On-Site Maintenance",1270,"$1,270","595 S Old Orchard Ln, Lewisville, TX",https://dallas.craigslist.org/ndf/apa/d/lewisville-business-center-granite/7928190480.html,2026-04-16 18:41:15.990804,craigslist,,,"595 S Old Orchard Ln, Lewisville",Premium,,1,3,Premium
"Dishwasher, Ceiling Fans, Granite Countertops select units",1403,"$1,403","595 S Old Orchard Ln, Lewisville, TX",https://dallas.craigslist.org/ndf/apa/d/lewisville-dishwasher-ceiling-fans/7926904493.html,2026-04-16 18:41:15.983054,craigslist,,,"595 S Old Orchard Ln, Lewisville",Premium,,2,3,Premium
"Two Sparkling Swimming Pools, Spacious Closets, Dishwasher",1709,"$1,709","595 S Old Orchard Ln, Lewisville, TX",https://dallas.craigslist.org/ndf/apa/d/lewisville-two-sparkling-swimming-pools/7924680548.html,2026-04-16 18:41:15.992917,craigslist,,,"595 S Old Orchard Ln, Lewisville",Premium,,3,3,Premium
RENTA BAJA EN MELODY PARC!!! LLAMANOS HOY!!,875,$875,"5951 Melody Lane Dallas, TX",https://dallas.craigslist.org/dal/apa/d/renta-baja-en-melody-parc-llamanos-hoy/7928207496.html,2026-04-16 18:41:15.985364,craigslist,,,5951 Melody Lane Dallas,Mid-Range,,1,6,Mid-Range
FIRST MONTH FREE AT MELODY PARC!!! APPLY TODAY!!,875,$875,"5951 Melody Lane Dallas, TX",https://dallas.craigslist.org/dal/apa/d/first-month-free-at-melody-parc-apply/7928198723.html,2026-04-16 18:41:15.989120,craigslist,,,5951 Melody Lane Dallas,Mid-Range,,1,6,Mid-Range
1 BED / 1 BATH AVAILABLE WITH LIMITED TIME OFFERS UNTIL 04/30!!,900,$900,"5951 Melody Lane Dallas, TX",https://dallas.craigslist.org/dal/apa/d/bed-bath-available-with-limited-time/7928202561.html,2026-04-16 18:41:15.987621,craigslist,1.0,1.0,5951 Melody Lane Dallas,Mid-Range,900.0,3,6,Mid-Range
¡SOLICITA HOY MISMO Y CONSIGUE TU PRIMER MES GRATIS!,975,$975,"5951 Melody Lane Dallas, TX",https://dallas.craigslist.org/dal/apa/d/solicita-hoy-mismo-consigue-tu-primer/7928211862.html,2026-04-16 18:41:15.984257,craigslist,,,5951 Melody Lane Dallas,Mid-Range,,4,6,Mid-Range
¡¡PRIMER MES GRATIS EN MELODY PARC!! ¡¡SOLICITA HOY MISMO!!,995,$995,"5951 Melody Lane Dallas, TX",https://dallas.craigslist.org/dal/apa/d/primer-mes-gratis-en-melody-parc/7928201929.html,2026-04-16 18:41:15.988207,craigslist,,,5951 Melody Lane Dallas,Mid-Range,,5,6,Mid-Range
¡SOLICITA HOY MISMO! ¡EL PRIMER MES ES GRATIS!,995,$995,"5951 Melody Lane Dallas, TX",https://dallas.craigslist.org/dal/apa/d/solicita-hoy-mismo-el-primer-mes-es/7928187654.html,2026-04-16 18:41:15.991571,craigslist,,,5951 Melody Lane Dallas,Mid-Range,,5,6,Mid-Range
"Leasing Office, Gated Community, Tile Backsplash",1199,"$1,199","6100 Westcreek Dr, Fort Worth, TX",https://dallas.craigslist.org/ftw/apa/d/fort-worth-leasing-office-gated/7928214351.html,2026-04-16 18:41:15.982732,craigslist,,,"6100 Westcreek Dr, Fort Worth",Mid-Range,,1,2,Mid-Range
"Off-Street Parking, Pantry, Stone Countertops",1199,"$1,199","6100 Westcreek Dr, Fort Worth, TX",https://dallas.craigslist.org/ftw/apa/d/fort-worth-off-street-parking-pantry/7926849780.html,2026-04-16 18:41:15.985494,craigslist,,,"6100 Westcreek Dr, Fort Worth",Mid-Range,,1,2,Mid-Range
"Carpeting, Large Closets, Wi-Fi with Lounge Area",735,$735,"6603 E Lovers Ln, Dallas, TX",https://dallas.craigslist.org/dal/apa/d/dallas-carpeting-large-closets-wi-fi/7927768409.html,2026-04-16 18:41:15.984977,craigslist,,,"6603 E Lovers Ln, Dallas",Budget,,1,3,Budget
"Gated Community, Dog Park with Dog Wash Station, Fire Pit",1299,"$1,299","6603 E Lovers Ln, Dallas, TX",https://dallas.craigslist.org/dal/apa/d/dallas-gated-community-dog-park-with/7928187798.html,2026-04-16 18:41:15.991485,craigslist,,,"6603 E Lovers Ln, Dallas",Premium,,2,3,Premium
"Dog Park with Dog Wash Station, Laundry Lounge, Carpeting",1399,"$1,399","6603 E Lovers Ln, Dallas, TX",https://dallas.craigslist.org/dal/apa/d/dallas-dog-park-with-dog-wash-station/7924680073.html,2026-04-16 18:41:15.993570,craigslist,,,"6603 E Lovers Ln, Dallas",Premium,,3,3,Premium
Check-in Today! - Rooms Going Quickly with 1st Week Discount!,399,$399,"6801 K Ave, Plano, TX",https://dallas.craigslist.org/ndf/apa/d/plano-check-in-today-rooms-going/7925976288.html,2026-04-16 18:41:15.980999,craigslist,,,"6801 K Ave, Plano",Budget,,1,3,Budget
"Pay Monthly, Stress-Free - No Lease, No Deposit Required!",1539,"$1,539","6801 K Ave, Plano, TX",https://dallas.craigslist.org/ndf/apa/d/plano-pay-monthly-stress-free-no-lease/7927752817.html,2026-04-16 18:41:15.990846,craigslist,,,"6801 K Ave, Plano",Premium,,2,3,Premium
"Act Fast! Limited Availability - No Lease, No Deposit",1539,"$1,539","6801 K Ave, Plano, TX",https://dallas.craigslist.org/ndf/apa/d/plano-act-fast-limited-availability-no/7928189274.html,2026-04-16 18:41:15.991100,craigslist,,,"6801 K Ave, Plano",Premium,,2,3,Premium
"Spanish Speaking Staff, Window Coverings, BBQ/Picnic Area",1195,"$1,195","701 W Buckingham Rd, Garland, TX",https://dallas.craigslist.org/ndf/apa/d/garland-spanish-speaking-staff-window/7928202562.html,2026-04-16 18:41:15.987577,craigslist,,,"701 W Buckingham Rd, Garland",Mid-Range,,1,1,Mid-Range
"Planned Social Activities, Clubhouse, Vinyl Flooring",875,$875,"7310 Marvin D. Love Fwy, Dallas, TX",https://dallas.craigslist.org/dal/apa/d/dallas-planned-social-activities/7925926213.html,2026-04-16 18:41:15.989507,craigslist,,,"7310 Marvin D. Love Fwy, Dallas",Mid-Range,,1,2,Mid-Range
"Playground, Gated, Planned Social Activities",1025,"$1,025","7310 Marvin D. Love Fwy, Dallas, TX",https://dallas.craigslist.org/dal/apa/d/dallas-playground-gated-planned-social/7928186331.html,2026-04-16 18:41:15.992162,craigslist,,,"7310 Marvin D. Love Fwy, Dallas",Mid-Range,,2,2,Mid-Range
"Online Payments Available, Close to Restaurants, Window Coverings",799,$799,"7610 Skillman St, Dallas, TX",https://dallas.craigslist.org/dal/apa/d/dallas-online-payments-available-close/7928200198.html,2026-04-16 18:41:15.988522,craigslist,,,"7610 Skillman St, Dallas",Budget,,1,7,Budget
"Fireplace, Recycling, Controlled Access/Gated",799,$799,"7610 Skillman St, Dallas, TX",https://dallas.craigslist.org/dal/apa/d/dallas-fireplace-recycling-controlled/7927737962.html,2026-04-16 18:41:15.993267,craigslist,,,"7610 Skillman St, Dallas",Budget,,1,7,Budget
"Close to Schools, Large Closets, Covered Parking",825,$825,"7610 Skillman St, Dallas, TX",https://dallas.craigslist.org/dal/apa/d/dallas-close-to-schools-large-closets/7928215748.html,2026-04-16 18:41:15.981729,craigslist,,,"7610 Skillman St, Dallas",Mid-Range,,3,7,Mid-Range
"Fireplace, Air Conditioner, W/D Hookup",825,$825,"7610 Skillman St, Dallas, TX",https://dallas.craigslist.org/dal/apa/d/dallas-fireplace-air-conditioner-d/7927756171.html,2026-04-16 18:41:15.989295,craigslist,,,"7610 Skillman St, Dallas",Mid-Range,,3,7,Mid-Range
"Controlled Access/Gated, Close to Shopping, Cable Ready",825,$825,"7610 Skillman St, Dallas, TX",https://dallas.craigslist.org/dal/apa/d/dallas-controlled-access-gated-close-to/7928188253.html,2026-04-16 18:41:15.991401,craigslist,,,"7610 Skillman St, Dallas",Mid-Range,,3,7,Mid-Range
"Tile Backsplash, High Ceilings, Pet Friendly",850,$850,"7610 Skillman St, Dallas, TX",https://dallas.craigslist.org/dal/apa/d/dallas-tile-backsplash-high-ceilings/7926456693.html,2026-04-16 18:41:15.989380,craigslist,,,"7610 Skillman St, Dallas",Mid-Range,,6,7,Mid-Range
"Tile Backsplash, Air Conditioner, Close to Airport",1210,"$1,210","7610 Skillman St, Dallas, TX",https://dallas.craigslist.org/dal/apa/d/dallas-tile-backsplash-air-conditioner/7919614963.html,2026-04-16 18:41:15.984306,craigslist,,,"7610 Skillman St, Dallas",Premium,,7,7,Premium
"Free Parking, 24-Hour Front Desk, 1bd 1ba",343,$343,"9020 Rasor Boulevard, Plano, TX",https://dallas.craigslist.org/ndf/apa/d/plano-free-parking-24-hour-front-desk/7922182195.html,2026-04-16 18:41:15.985114,craigslist,1.0,1.0,"9020 Rasor Boulevard, Plano",Budget,343.0,1,2,Budget
"Fitness Center, Express Check-out",343,$343,"9020 Rasor Boulevard, Plano, TX",https://dallas.craigslist.org/ndf/apa/d/plano-fitness-center-express-check-out/7924272746.html,2026-04-16 18:41:15.990409,craigslist,,,"9020 Rasor Boulevard, Plano",Budget,,1,2,Budget
"On-Site Maintenance, Clubhouse, Wi-Fi at Pool and Clubhouse",1019,"$1,019","9050 Markville Drive, Dallas, TX",https://dallas.craigslist.org/dal/apa/d/dallas-on-site-maintenance-clubhouse-wi/7926921697.html,2026-04-16 18:41:15.982774,craigslist,,,"9050 Markville Drive, Dallas",Mid-Range,,1,4,Mid-Range
"Fitness Center, Flex Rent, Business Center",1049,"$1,049","9050 Markville Drive, Dallas, TX",https://dallas.craigslist.org/dal/apa/d/dallas-fitness-center-flex-rent/7928202112.html,2026-04-16 18:41:15.988113,craigslist,,,"9050 Markville Drive, Dallas",Mid-Range,,2,4,Mid-Range
"Laundry Facilities, Business Center, Playground",1069,"$1,069","9050 Markville Drive, Dallas, TX",https://dallas.craigslist.org/dal/apa/d/dallas-laundry-facilities-business/7927737694.html,2026-04-16 18:41:15.993051,craigslist,,,"9050 Markville Drive, Dallas",Mid-Range,,3,4,Mid-Range
"Fitness Center, On-Site Maintenance, Playground",1359,"$1,359","9050 Markville Drive, Dallas, TX",https://dallas.craigslist.org/dal/apa/d/dallas-fitness-center-on-site/7926833098.html,2026-04-16 18:41:15.985406,craigslist,,,"9050 Markville Drive, Dallas",Premium,,4,4,Premium
A Brand New Upscale Apartment in Addison with 6 WEEKS FREE!,1525,"$1,525",Addison/North Dallas,https://dallas.craigslist.org/dal/apa/d/addison-brand-new-upscale-apartment-in/7928212882.html,2026-04-16 18:41:15.983998,craigslist,,,Addison/North Dallas,Premium,,1,1,Premium
"Luxury Apartment -  Broken Lease, Eviction, Misdemeanor, Felony",1160,"$1,160",Allen/ McKinney,https://dallas.craigslist.org/dal/apa/d/mckinney-luxury-apartment-broken-lease/7920293516.html,2026-04-16 18:41:15.988735,craigslist,,,Allen/ Mckinney,Mid-Range,,1,1,Mid-Range
"Inviting 1 BR-Effortless Commute, Sparkling Pool & Tech Lounge",865,$865,Arlington,https://dallas.craigslist.org/mdf/apa/d/arlington-inviting-br-effortless/7928215358.html,2026-04-16 18:41:15.982123,craigslist,1.0,,Arlington,Mid-Range,865.0,1,5,Mid-Range
Stunning 1 BR-Modern Upgrades & Resort-Style Pool,951,$951,Arlington,https://dallas.craigslist.org/mdf/apa/d/arlington-stunning-br-modern-upgrades/7928215778.html,2026-04-16 18:41:15.981686,craigslist,1.0,,Arlington,Mid-Range,951.0,2,5,Mid-Range
Second Chance Apartment,1100,"$1,100",Arlington,https://dallas.craigslist.org/dal/apa/d/arlington-second-chance-apartment/7926889836.html,2026-04-16 18:41:15.993781,craigslist,,,Arlington,Mid-Range,,3,5,Mid-Range
Stunning 2 BR Homes | Lavishly Renovated | Pet Friendly!,1215,"$1,215",Arlington,https://dallas.craigslist.org/mdf/apa/d/arlington-stunning-br-homes-lavishly/7928214364.html,2026-04-16 18:41:15.982689,craigslist,2.0,,Arlington,Premium,608.0,4,5,Premium
Live Like Royalty in Spacious 3 BR! Move-In Specials,1444,"$1,444",Arlington,https://dallas.craigslist.org/mdf/apa/d/arlington-live-like-royalty-in-spacious/7928198984.html,2026-04-16 18:41:15.989033,craigslist,3.0,,Arlington,Premium,481.0,5,5,Premium
A Brand New Upscale and Trendy Apt Home in Arlington - 8 WEEKS FREE,1397,"$1,397",Arlington/Grand Prairie,https://dallas.craigslist.org/dal/apa/d/arlington-brand-new-upscale-and-trendy/7928212995.html,2026-04-16 18:41:15.983725,craigslist,,,Arlington/Grand Prairie,Premium,,1,3,Premium
A New Upscale and Trendy Apartment in Arlington - 8 WEEKS FREE,1399,"$1,399",Arlington/Grand Prairie,https://dallas.craigslist.org/dal/apa/d/arlington-new-upscale-and-trendy/7928212666.html,2026-04-16 18:41:15.984128,craigslist,,,Arlington/Grand Prairie,Premium,,2,3,Premium
A Brand New Upscale and Trendy Apt Home in Arlington - 8 WEEKS FREE,2096,"$2,096",Arlington/Grand Prairie,https://dallas.craigslist.org/dal/apa/d/arlington-brand-new-upscale-and-trendy/7928213062.html,2026-04-16 18:41:15.983539,craigslist,,,Arlington/Grand Prairie,Luxury,,3,3,Luxury
🏡 **1 Bedroom Available at The Avery Apartments!** 🏡,1025,"$1,025",bedford,https://dallas.craigslist.org/ndf/apa/d/bedford-bedroom-available-at-the-avery/7928188898.html,2026-04-16 18:41:15.991142,craigslist,1.0,,Bedford,Mid-Range,1025.0,1,6,Mid-Range
🏡 **2 Bed / 1 Bath Available at The Avery Apartments!** 🏡,1200,"$1,200",bedford,https://dallas.craigslist.org/ndf/apa/d/bedford-bed-bath-available-at-the-avery/7928187802.html,2026-04-16 18:41:15.991529,craigslist,2.0,1.0,Bedford,Premium,600.0,2,6,Premium
"On-Site Management Team, Walk-In Closets, 2/BD",1300,"$1,300","bedford,TX",https://dallas.craigslist.org/mdf/apa/d/bedford-on-site-management-team-walk-in/7921862905.html,2026-04-16 18:41:15.988863,craigslist,,,Bedford,Premium,,3,6,Premium
🏡 **2 Bed / 2 Bath Available at The Avery Apartments!** 🏡,1500,"$1,500",bedford,https://dallas.craigslist.org/ndf/apa/d/bedford-bed-bath-available-at-the-avery/7928186013.html,2026-04-16 18:41:15.992248,craigslist,2.0,2.0,Bedford,Premium,750.0,4,6,Premium
"Off-Street Parking, Swimming Pool, Central Air",1700,"$1,700","bedford,TX",https://dallas.craigslist.org/mdf/apa/d/bedford-off-street-parking-swimming/7922181757.html,2026-04-16 18:41:15.982514,craigslist,,,Bedford,Premium,,5,6,Premium
"Smoke-Free Building, Coffee & Tea Bar, Playground",1700,"$1,700","bedford,TX",https://dallas.craigslist.org/mdf/apa/d/bedford-smoke-free-building-coffee-tea/7923851706.html,2026-04-16 18:41:15.992767,craigslist,,,Bedford,Premium,,5,6,Premium
Second Chance Apartment Far North Dallas & Carrollton,1279,"$1,279",Carrollton,https://dallas.craigslist.org/dal/apa/d/carrollton-second-chance-apartment-far/7927739803.html,2026-04-16 18:41:15.993484,craigslist,,,Carrollton,Premium,,1,1,Premium
"Renters Insurance Program, Dog Park, Playground",1103,"$1,103",Centennial Park,https://dallas.craigslist.org/mdf/apa/d/irving-renters-insurance-program-dog/7928202444.html,2026-04-16 18:41:15.987836,craigslist,,,Centennial Park,Mid-Range,,1,1,Mid-Range
"Ceiling Fan, In Dallas, 1 BD",850,$850,dallas,https://dallas.craigslist.org/dal/apa/d/dallas-ceiling-fan-in-dallas-bd/7927747093.html,2026-04-16 18:41:15.991184,craigslist,1.0,,Dallas,Mid-Range,850.0,1,40,Mid-Range
Ideal location! Close to everything! 1 bed / 1 bath! 670 Sqft!,885,$885,Dallas,https://dallas.craigslist.org/dal/apa/d/dallas-ideal-location-close-to/7926369059.html,2026-04-16 18:41:15.982949,craigslist,1.0,1.0,Dallas,Mid-Range,885.0,2,40,Mid-Range
Two paws up for our 1 BR / 1 BA! Dallas's top pet-friendly spot.,885,$885,Dallas,https://dallas.craigslist.org/dal/apa/d/dallas-two-paws-up-for-our-br-ba/7927652328.html,2026-04-16 18:41:15.992292,craigslist,1.0,1.0,Dallas,Mid-Range,885.0,2,40,Mid-Range
"The Summit at Midtown -Clean, Quiet and Well Maintained!!",905,$905,Dallas,https://dallas.craigslist.org/dal/apa/d/the-summit-at-midtown-clean-quiet-and/7928204801.html,2026-04-16 18:41:15.986341,craigslist,,,Dallas,Mid-Range,,4,40,Mid-Range
"The Summit At Midtown -Clean, Quiet and Well Maintained!!",955,$955,Dallas,https://dallas.craigslist.org/dal/apa/d/the-summit-at-midtown-clean-quiet-and/7928204899.html,2026-04-16 18:41:15.986248,craigslist,,,Dallas,Mid-Range,,5,40,Mid-Range
***Reduced Rent Rates***,959,$959,dallas,https://dallas.craigslist.org/dal/apa/d/lewisville-reduced-rent-rates/7927435064.html,2026-04-16 18:41:15.993139,craigslist,,,Dallas,Mid-Range,,6,40,Mid-Range
#@!!Charming 3 bedroom 1 bathroom single family home!!@#,970,$970,"Dallas, TX",https://dallas.craigslist.org/dal/apa/d/dallas-charming-bedroom-bathroom-single/7928212073.html,2026-04-16 18:41:15.984216,craigslist,3.0,1.0,Dallas,Mid-Range,323.0,7,40,Mid-Range
"Wonderful 734 sqft, 1 bed, 1 bath floorplan in Dallas",970,$970,Dallas,https://dallas.craigslist.org/dal/apa/d/dallas-wonderful-734-sqft-bed-bath/7924711725.html,2026-04-16 18:41:15.987142,craigslist,1.0,1.0,Dallas,Mid-Range,970.0,7,40,Mid-Range
"Breathtaking Views, Open Floor Plans, Convenient Location",974,$974,Dallas,https://dallas.craigslist.org/ndf/apa/d/dallas-breathtaking-views-open-floor/7928208147.html,2026-04-16 18:41:15.985072,craigslist,,,Dallas,Mid-Range,,9,40,Mid-Range
"No Credit, Bad Credit,1st time Renter you'll be approved!!",999,$999,dallas,https://dallas.craigslist.org/dal/apa/d/lewisville-no-credit-bad-credit1st-time/7927667011.html,2026-04-16 18:41:15.993181,craigslist,,,Dallas,Mid-Range,,10,40,Mid-Range
Appreciate Value? You'll Get a Deal at Prestonwood,1030,"$1,030",Dallas,https://dallas.craigslist.org/dal/apa/d/dallas-appreciate-value-youll-get-deal/7927652374.html,2026-04-16 18:41:15.992340,craigslist,,,Dallas,Mid-Range,,11,40,Mid-Range
01X1 @ The Waverly Apartment Homes,1040,"$1,040",Dallas,https://dallas.craigslist.org/dal/apa/d/dallas-01x1-the-waverly-apartment-homes/7928179441.html,2026-04-16 18:41:15.992725,craigslist,,,Dallas,Mid-Range,,12,40,Mid-Range
Come home to Suncrest! Washer/dryer in unit. Tour today!,1050,"$1,050",Dallas,https://dallas.craigslist.org/dal/apa/d/dallas-come-home-to-suncrest-washer/7928203912.html,2026-04-16 18:41:15.986965,craigslist,,,Dallas,Mid-Range,,13,40,Mid-Range
We have the perfect 1 bed 1 bath for you and your pets! Tour today!,1050,"$1,050",Dallas,https://dallas.craigslist.org/dal/apa/d/dallas-we-have-the-perfect-bed-bath-for/7928203809.html,2026-04-16 18:41:15.987011,craigslist,1.0,1.0,Dallas,Mid-Range,1050.0,13,40,Mid-Range
"Great space for every taste. You'll love our 2 bed, 1 bath!",1115,"$1,115",Dallas,https://dallas.craigslist.org/dal/apa/d/dallas-great-space-for-every-taste/7926369030.html,2026-04-16 18:41:15.983004,craigslist,2.0,1.0,Dallas,Mid-Range,558.0,15,40,Mid-Range
"Comfortable 750 sq ft 1 bd, 1 ba for all your needs. Call us now!",1124,"$1,124",Dallas,https://dallas.craigslist.org/dal/apa/d/dallas-comfortable-750-sq-ft-bd-ba-for/7926825473.html,2026-04-16 18:41:15.986166,craigslist,1.0,1.0,Dallas,Mid-Range,1124.0,16,40,Mid-Range
Rent affordably in the best location! Just minutes from Campus,1124,"$1,124",Dallas,https://dallas.craigslist.org/dal/apa/d/dallas-rent-affordably-in-the-best/7924474239.html,2026-04-16 18:41:15.990628,craigslist,,,Dallas,Mid-Range,,16,40,Mid-Range
"Professional & Responsive Management, Refrigerator, Open Floor Plans",1124,"$1,124",Dallas,https://dallas.craigslist.org/ndf/apa/d/dallas-professional-responsive/7928191014.html,2026-04-16 18:41:15.990761,craigslist,,,Dallas,Mid-Range,,16,40,Mid-Range
"Elevate every moment, every day: Your 1 BR, 1 BA home awaits.",1150,"$1,150",Dallas,https://dallas.craigslist.org/dal/apa/d/dallas-elevate-every-moment-every-day/7928203841.html,2026-04-16 18:41:15.984480,craigslist,1.0,1.0,Dallas,Mid-Range,1150.0,19,40,Mid-Range
"Your journey to comfort begins: 1 BR, 1 BA, 684 Sq Ft.",1150,"$1,150",Dallas,https://dallas.craigslist.org/dal/apa/d/dallas-your-journey-to-comfort-begins/7928203776.html,2026-04-16 18:41:15.984605,craigslist,1.0,1.0,Dallas,Mid-Range,1150.0,19,40,Mid-Range
Great community for great people! Visit today!,1150,"$1,150",Dallas,https://dallas.craigslist.org/dal/apa/d/dallas-great-community-for-great-people/7928203940.html,2026-04-16 18:41:15.986922,craigslist,,,Dallas,Mid-Range,,19,40,Mid-Range
"Need a bigger place to call home? Check us out! 632 SqFt, 1 Bed",1150,"$1,150",Dallas,https://dallas.craigslist.org/dal/apa/d/dallas-need-bigger-place-to-call-home/7928198365.html,2026-04-16 18:41:15.989250,craigslist,1.0,,Dallas,Mid-Range,1150.0,19,40,Mid-Range
"A fresh take on living: Explore our 1 BR, 727 Sq Ft spaces.",1199,"$1,199",Dallas,https://dallas.craigslist.org/dal/apa/d/dallas-fresh-take-on-living-explore-our/7926826417.html,2026-04-16 18:41:15.981905,craigslist,1.0,,Dallas,Mid-Range,1199.0,23,40,Mid-Range
"Come tour our beautiful 1 bed, 1 bath! Full size washer and dryer!",1199,"$1,199",Dallas,https://dallas.craigslist.org/dal/apa/d/dallas-come-tour-our-beautiful-bed-bath/7928198484.html,2026-04-16 18:41:15.989163,craigslist,1.0,1.0,Dallas,Mid-Range,1199.0,23,40,Mid-Range
Claim your spot! Dive into a spacious 1 BR.,1200,"$1,200",Dallas,https://dallas.craigslist.org/dal/apa/d/dallas-claim-your-spot-dive-into/7928198445.html,2026-04-16 18:41:15.989205,craigslist,1.0,,Dallas,Premium,1200.0,25,40,Premium
🚨 Limited availability – units go fast! 🚨 Disponibilidad limitada,1214,"$1,214",dallas,https://dallas.craigslist.org/dal/apa/d/dallas-limited-availability-units-go/7928197959.html,2026-04-16 18:41:15.989338,craigslist,,,Dallas,Premium,,26,40,Premium
"Central Dallas beckons! Secure this 1 bed, 1 bath now!",1239,"$1,239",Dallas,https://dallas.craigslist.org/dal/apa/d/dallas-central-dallas-beckons-secure/7926825539.html,2026-04-16 18:41:15.986082,craigslist,1.0,1.0,Dallas,Premium,1239.0,27,40,Premium
"Amplify your lifestyle. Dive into our 2 BR, 1 BA.",1269,"$1,269",Dallas,https://dallas.craigslist.org/dal/apa/d/dallas-amplify-your-lifestyle-dive-into/7925139010.html,2026-04-16 18:41:15.987054,craigslist,2.0,1.0,Dallas,Premium,634.0,28,40,Premium
Beautiful and bright 2 bd 1 ba! Don't miss out on this stunning view,1384,"$1,384",Dallas,https://dallas.craigslist.org/dal/apa/d/dallas-beautiful-and-bright-bd-ba-dont/7926699243.html,2026-04-16 18:41:15.986041,craigslist,2.0,1.0,Dallas,Premium,692.0,29,40,Premium
"The Woodbridge -Clean, Quiet and Well Maintained!!",1500,"$1,500",Dallas,https://dallas.craigslist.org/dal/apa/d/the-woodbridge-clean-quiet-and-well/7928204630.html,2026-04-16 18:41:15.986629,craigslist,,,Dallas,Premium,,30,40,Premium
"The Woodbridge -Clean, Quiet and Well Maintained!!",1540,"$1,540",Dallas,https://dallas.craigslist.org/dal/apa/d/the-woodbridge-clean-quiet-and-well/7928204526.html,2026-04-16 18:41:15.986742,craigslist,,,Dallas,Premium,,31,40,Premium
"Start living large! You'll love our 3 bed, 2 bath! 1266 Sq Ft!",1606,"$1,606",Dallas,https://dallas.craigslist.org/sdf/apa/d/dallas-start-living-large-youll-love/7924677778.html,2026-04-16 18:41:15.981952,craigslist,3.0,2.0,Dallas,Premium,535.0,32,40,Premium
You'll love living in your spacious new 3 bed / 1266 sq ft townhome,1606,"$1,606",Dallas,https://dallas.craigslist.org/sdf/apa/d/dallas-youll-love-living-in-your/7926596792.html,2026-04-16 18:41:15.988820,craigslist,3.0,,Dallas,Premium,535.0,32,40,Premium
✔ All Bills Paid / Todos los servicios incluidos,1613,"$1,613",dallas,https://dallas.craigslist.org/dal/apa/d/dallas-all-bills-paid-todos-los/7928200446.html,2026-04-16 18:41:15.988480,craigslist,,,Dallas,Premium,,34,40,Premium
✔ No rental history? OK / ¿Sin historial de renta? ¡Está bien!,1614,"$1,614",dallas,https://dallas.craigslist.org/dal/apa/d/dallas-no-rental-history-ok-sin/7928199385.html,2026-04-16 18:41:15.988948,craigslist,,,Dallas,Premium,,35,40,Premium
Come in as a stranger and stay as a neighbor! 2 Bed/1 Bath/899 SqFt,1900,"$1,900",Dallas,https://dallas.craigslist.org/dal/apa/d/dallas-come-in-as-stranger-and-stay-as/7924107794.html,2026-04-16 18:41:15.981775,craigslist,2.0,1.0,Dallas,Premium,950.0,36,40,Premium
An abode where every moment is treasured: Discover our 2 BR.,1915,"$1,915",Dallas,https://dallas.craigslist.org/dal/apa/d/dallas-an-abode-where-every-moment-is/7926825624.html,2026-04-16 18:41:15.990673,craigslist,2.0,,Dallas,Premium,958.0,37,40,Premium
Simply breath-taking! Amazing views at Turtle Dove II Apartments,1985,"$1,985",Dallas,https://dallas.craigslist.org/dal/apa/d/dallas-simply-breath-taking-amazing/7926699376.html,2026-04-16 18:41:15.985999,craigslist,,,Dallas,Premium,,38,40,Premium
An Upscale High-Rise in Dallas with 4 WEEKS FREE!,2399,"$2,399",Dallas,https://dallas.craigslist.org/dal/apa/d/dallas-an-upscale-high-rise-in-dallas/7928212955.html,2026-04-16 18:41:15.983912,craigslist,,,Dallas,Luxury,,39,40,Luxury
"Modern open-concept floor plans with city views*, Mud bench*",2930,"$2,930",dallas,https://dallas.craigslist.org/dal/apa/d/dallas-modern-open-concept-floor-plans/7928217088.html,2026-04-16 18:41:15.981153,craigslist,,,Dallas,Luxury,,40,40,Luxury
"Upgrade your lifestyle: Stunning 1 BR, 528 Sq Ft homes.",649,$649,Dallas - Bachman Lake Park,https://dallas.craigslist.org/dal/apa/d/dallas-upgrade-your-lifestyle-stunning/7922405834.html,2026-04-16 18:41:15.991274,craigslist,1.0,,Dallas - Bachman Lake Park,Budget,649.0,1,3,Budget
Just the place you're looking for! Come and see!,673,$673,Dallas - Bachman Lake Park,https://dallas.craigslist.org/dal/apa/d/dallas-just-the-place-youre-looking-for/7923640803.html,2026-04-16 18:41:15.991228,craigslist,,,Dallas - Bachman Lake Park,Budget,,2,3,Budget
"What a great place to live! 1 bd, 1 ba, 486 sq ft. Come home today!",674,$674,Dallas - Bachman Lake Park,https://dallas.craigslist.org/dal/apa/d/dallas-what-great-place-to-live-bd-ba/7928204538.html,2026-04-16 18:41:15.986695,craigslist,1.0,1.0,Dallas - Bachman Lake Park,Budget,674.0,3,3,Budget
"Park Lane - Beautiful 1 bed, 1 bath in a serene setting!",1224,"$1,224",Dallas - Downtown Dallas,https://dallas.craigslist.org/dal/apa/d/dallas-park-lane-beautiful-bed-bath-in/7928207760.html,2026-04-16 18:41:15.985155,craigslist,1.0,1.0,Dallas - Downtown Dallas,Premium,1224.0,1,5,Premium
"Unbeatable location! 1 bed, 1 bath - Ready for move-in!",1224,"$1,224",Dallas - Downtown Dallas,https://dallas.craigslist.org/dal/apa/d/dallas-unbeatable-location-bed-bath/7928207655.html,2026-04-16 18:41:15.985239,craigslist,1.0,1.0,Dallas - Downtown Dallas,Premium,1224.0,1,5,Premium
End your busy day in peace! Come home to Park Lane,1224,"$1,224",Dallas - Downtown Dallas,https://dallas.craigslist.org/dal/apa/d/dallas-end-your-busy-day-in-peace-come/7928207559.html,2026-04-16 18:41:15.985324,craigslist,,,Dallas - Downtown Dallas,Premium,,1,5,Premium
Don't wait! These move-in deals are going fast!,1504,"$1,504",Dallas - Downtown Dallas,https://dallas.craigslist.org/dal/apa/d/dallas-dont-wait-these-move-in-deals/7928207600.html,2026-04-16 18:41:15.985281,craigslist,,,Dallas - Downtown Dallas,Premium,,4,5,Premium
Ahhh... what a place! Live in comfort at Park Lane,1908,"$1,908",Dallas - Downtown Dallas,https://dallas.craigslist.org/dal/apa/d/dallas-ahhh-what-place-live-in-comfort/7928207718.html,2026-04-16 18:41:15.985197,craigslist,,,Dallas - Downtown Dallas,Premium,,5,5,Premium
Looking for a beautiful space? You've come to the right place!,674,$674,Dallas - Frasier Dam Park Trails,https://dallas.craigslist.org/dal/apa/d/dallas-looking-for-beautiful-space/7928204383.html,2026-04-16 18:41:15.986877,craigslist,,,Dallas - Frasier Dam Park Trails,Budget,,1,3,Budget
"Don't let this one get away! 1 BR, 1 BA. Prime Dallas location",824,$824,Dallas - Frasier Dam Park Trails,https://dallas.craigslist.org/dal/apa/d/dallas-dont-let-this-one-get-away-br-ba/7926933287.html,2026-04-16 18:41:15.981861,craigslist,1.0,1.0,Dallas - Frasier Dam Park Trails,Mid-Range,824.0,2,3,Mid-Range
"Dive into Dallas's vibe! Perfect 2 bed, 1 bath location.",1430,"$1,430",Dallas - Frasier Dam Park Trails,https://dallas.craigslist.org/dal/apa/d/dallas-dive-into-dallass-vibe-perfect/7926933246.html,2026-04-16 18:41:15.981819,craigslist,2.0,1.0,Dallas - Frasier Dam Park Trails,Premium,715.0,3,3,Premium
Comfortable convenience at Tides on Larga! Washer & Dryer in unit,680,$680,Dallas - Stereo Live Dallas,https://dallas.craigslist.org/dal/apa/d/dallas-comfortable-convenience-at-tides/7928204497.html,2026-04-16 18:41:15.986787,craigslist,,,Dallas - Stereo Live Dallas,Budget,,1,2,Budget
WE LOVE OUR PETS!! Great Community for Animal-Lovers!,704,$704,Dallas - Stereo Live Dallas,https://dallas.craigslist.org/dal/apa/d/dallas-we-love-our-pets-great-community/7928204425.html,2026-04-16 18:41:15.986830,craigslist,,,Dallas - Stereo Live Dallas,Budget,,2,2,Budget
"**1ST MONTHS RENT FREE** 2/1 APARTMENT, DENTON, TX",995,$995,DENTON,https://dallas.craigslist.org/ndf/apa/d/denton-1st-months-rent-free-1-apartment/7923958502.html,2026-04-16 18:41:15.992963,craigslist,,,Denton,Mid-Range,,1,3,Mid-Range
Luxury Apartment - Bad Credit - Up to 2 months Free - Sports Buff,1168,"$1,168",Denton,https://dallas.craigslist.org/dal/apa/d/denton-luxury-apartment-bad-credit-up/7927645468.html,2026-04-16 18:41:15.988693,craigslist,,,Denton,Mid-Range,,2,3,Mid-Range
4/3 DUPLEX FOR LEASE,2395,"$2,395",DENTON,https://dallas.craigslist.org/ndf/apa/d/denton-3-duplex-for-lease/7928189336.html,2026-04-16 18:41:15.991016,craigslist,,,Denton,Luxury,,3,3,Luxury
Rental Homes - 580 min credit- 1 &1/2 Months Free,1900,"$1,900",Ennis,https://dallas.craigslist.org/dal/apa/d/ennis-rental-homes-min-credit-months/7926709245.html,2026-04-16 18:41:15.994343,craigslist,,,Ennis,Premium,,1,10,Premium
Ennis Rent House - 6 weeks free - free application fee,1900,"$1,900",Ennis,https://dallas.craigslist.org/dal/apa/d/ennis-ennis-rent-house-weeks-free-free/7925608996.html,2026-04-16 18:41:15.994902,craigslist,,,Ennis,Premium,,1,10,Premium
Ennis rental homes - 2 Months Free,1975,"$1,975",Ennis,https://dallas.craigslist.org/dal/apa/d/ennis-ennis-rental-homes-months-free/7927750580.html,2026-04-16 18:41:15.991825,craigslist,,,Ennis,Premium,,3,10,Premium
Ennis rental homes - 2 Months Free - No application fee,1975,"$1,975",Ennis,https://dallas.craigslist.org/dal/apa/d/ennis-ennis-rental-homes-months-free-no/7927740413.html,2026-04-16 18:41:15.993442,craigslist,,,Ennis,Premium,,3,10,Premium
575 min credit - 2 Months Free,1975,"$1,975",Ennis,https://dallas.craigslist.org/dal/apa/d/ennis-575-min-credit-months-free/7925628816.html,2026-04-16 18:41:15.994688,craigslist,,,Ennis,Premium,,3,10,Premium
Ennis Rent House - House For Rent - 1 &1/2 Months Free,1975,"$1,975",Ennis,https://dallas.craigslist.org/dal/apa/d/ennis-ennis-rent-house-house-for-rent/7925236449.html,2026-04-16 18:41:15.995199,craigslist,,,Ennis,Premium,,3,10,Premium
Ennis rental homes - 6 Weeks Free & No application fee,1975,"$1,975",Ennis,https://dallas.craigslist.org/dal/apa/d/ennis-ennis-rental-homes-weeks-free-no/7925235550.html,2026-04-16 18:41:15.995329,craigslist,,,Ennis,Premium,,3,10,Premium
575 min credit - 2 Months Free,1985,"$1,985",Ennis,https://dallas.craigslist.org/dal/apa/d/ennis-575-min-credit-months-free/7925618807.html,2026-04-16 18:41:15.994730,craigslist,,,Ennis,Premium,,8,10,Premium
575 min credit - 2 Months Free -,2100,"$2,100",Ennis,https://dallas.craigslist.org/dal/apa/d/ennis-575-min-credit-months-free/7925631014.html,2026-04-16 18:41:15.994602,craigslist,,,Ennis,Luxury,,9,10,Luxury
575 min credit - 2 Months Free,2100,"$2,100",Ennis,https://dallas.craigslist.org/dal/apa/d/ennis-575-min-credit-months-free/7925607417.html,2026-04-16 18:41:15.995029,craigslist,,,Ennis,Luxury,,9,10,Luxury
Forney Homes For Rent - 2nd Month Free Plus No application fee,1975,"$1,975",Forney,https://dallas.craigslist.org/dal/apa/d/forney-forney-homes-for-rent-2nd-month/7925604317.html,2026-04-16 18:41:15.995157,craigslist,,,Forney,Premium,,1,7,Premium
Forney Homes For Rent - 2nd Month Free Plus No application fee,2000,"$2,000",Forney,https://dallas.craigslist.org/dal/apa/d/forney-forney-homes-for-rent-2nd-month/7925618954.html,2026-04-16 18:41:15.994773,craigslist,,,Forney,Luxury,,2,7,Luxury
Forney Homes For Rent - 2nd Month Free No application fee,2000,"$2,000",Forney,https://dallas.craigslist.org/dal/apa/d/forney-forney-homes-for-rent-2nd-month/7925605728.html,2026-04-16 18:41:15.995115,craigslist,,,Forney,Luxury,,2,7,Luxury
Forney Rental Homes - 2nd month free,2035,"$2,035",Forney,https://dallas.craigslist.org/dal/apa/d/forney-forney-rental-homes-2nd-month/7926863146.html,2026-04-16 18:41:15.994124,craigslist,,,Forney,Luxury,,4,7,Luxury
Forney Homes For Rent - 2nd Month Free,2100,"$2,100",Forney,https://dallas.craigslist.org/dal/apa/d/forney-forney-homes-for-rent-2nd-month/7926865115.html,2026-04-16 18:41:15.994036,craigslist,,,Forney,Luxury,,5,7,Luxury
Forney Homes For Rent - 2nd Month Free Plus,2100,"$2,100",Forney,https://dallas.craigslist.org/dal/apa/d/forney-forney-homes-for-rent-2nd-month/7926864954.html,2026-04-16 18:41:15.994081,craigslist,,,Forney,Luxury,,5,7,Luxury
Forney Homes For Rent - 2nd Month Free Plus 1/2 off Deposit,2100,"$2,100",Forney,https://dallas.craigslist.org/dal/apa/d/forney-forney-homes-for-rent-2nd-month/7925614258.html,2026-04-16 18:41:15.994817,craigslist,,,Forney,Luxury,,5,7,Luxury
"Spacious 1 Bed, 1 Bath. 500 SqFt! Wonderful community! Visit today!",795,$795,Fort Worth,https://dallas.craigslist.org/ftw/apa/d/fort-worth-spacious-bed-bath-500-sqft/7928213616.html,2026-04-16 18:41:15.983317,craigslist,1.0,1.0,Fort Worth,Budget,795.0,1,38,Budget
Up to $200 off Monthly,819,$819,Fort Worth,https://dallas.craigslist.org/ftw/apa/d/fort-worth-up-to-200-off-monthly/7920539139.html,2026-04-16 18:41:15.983770,craigslist,,,Fort Worth,Mid-Range,,2,38,Mid-Range
1 Bed / 1 Bath. We welcome your pets! Ask about our pet policy!,825,$825,Fort Worth,https://dallas.craigslist.org/ftw/apa/d/fort-worth-bed-bath-we-welcome-your/7928213645.html,2026-04-16 18:41:15.983272,craigslist,1.0,1.0,Fort Worth,Mid-Range,825.0,3,38,Mid-Range
Charm and character in every corner. Come and see!,825,$825,Fort Worth,https://dallas.craigslist.org/ftw/apa/d/fort-worth-charm-and-character-in-every/7928203446.html,2026-04-16 18:41:15.987441,craigslist,,,Fort Worth,Mid-Range,,3,38,Mid-Range
Exquisite courtyard and garden views at Tides on Hulen,825,$825,Fort Worth,https://dallas.craigslist.org/ftw/apa/d/fort-worth-exquisite-courtyard-and/7925933556.html,2026-04-16 18:41:15.990494,craigslist,,,Fort Worth,Mid-Range,,3,38,Mid-Range
Leasing Large 1–3 Bedroom Homes- The Estates at Ridglea Hills,849,$849,Fort Worth,https://dallas.craigslist.org/ftw/apa/d/fort-worth-leasing-large-13-bedroom/7920522874.html,2026-04-16 18:41:15.983860,craigslist,3.0,,Fort Worth,Mid-Range,283.0,6,38,Mid-Range
All Bills Paid Apartment $850,850,$850,fort worth,https://dallas.craigslist.org/ftw/apa/d/burleson-all-bills-paid-apartment-850/7928194919.html,2026-04-16 18:41:15.989850,craigslist,,,Fort Worth,Mid-Range,,7,38,Mid-Range
"Don't wait! This spacious 1 bed, 1 bath will go fast! 700 Sq Ft!",915,$915,Fort Worth,https://dallas.craigslist.org/ftw/apa/d/fort-worth-dont-wait-this-spacious-bed/7928213682.html,2026-04-16 18:41:15.983229,craigslist,1.0,1.0,Fort Worth,Mid-Range,915.0,8,38,Mid-Range
We have what you need and more! Come see our fantastic views!,915,$915,Fort Worth,https://dallas.craigslist.org/ftw/apa/d/fort-worth-we-have-what-you-need-and/7928203552.html,2026-04-16 18:41:15.987397,craigslist,,,Fort Worth,Mid-Range,,8,38,Mid-Range
"Bilingual Staff, Lush Grounds - Your Ideal 2 BR Awaits!",925,$925,fort worth,https://dallas.craigslist.org/ftw/apa/d/fort-worth-bilingual-staff-lush-grounds/7928213994.html,2026-04-16 18:41:15.983141,craigslist,2.0,,Fort Worth,Mid-Range,462.0,10,38,Mid-Range
$399 TOTAL MOVE IN!! NO DEPOSIT! 2 bedrooms available now!,932,$932,Fort Worth,https://dallas.craigslist.org/ftw/apa/d/fort-worth-399-total-move-in-no-deposit/7923669465.html,2026-04-16 18:41:15.980948,craigslist,2.0,,Fort Worth,Mid-Range,466.0,11,38,Mid-Range
2 Bedroom Apartment | 966 Sq Ft | Gated Community | Fort Worth 76116,979,$979,Fort Worth,https://dallas.craigslist.org/ftw/apa/d/fort-worth-bedroom-apartment-966-sq-ft/7920522805.html,2026-04-16 18:41:15.983815,craigslist,2.0,,Fort Worth,Mid-Range,490.0,12,38,Mid-Range
Room to Breathe! Spacious 2-BR Apartment in Prime Fort Worth Spot!,979,$979,Fort Worth,https://dallas.craigslist.org/ftw/apa/d/fort-worth-room-to-breathe-spacious-br/7920521320.html,2026-04-16 18:41:15.983954,craigslist,,,Fort Worth,Mid-Range,,12,38,Mid-Range
Ready to lease! Beautifully designed 1 bed 1 bath apartment,998,$998,Fort Worth,https://dallas.craigslist.org/ftw/apa/d/arlington-ready-to-lease-beautifully/7928202468.html,2026-04-16 18:41:15.987750,craigslist,1.0,1.0,Fort Worth,Mid-Range,998.0,14,38,Mid-Range
"Time to elevate. Our 1 BR, 732 Sq Ft promises more.",998,$998,Fort Worth,https://dallas.craigslist.org/ftw/apa/d/arlington-time-to-elevate-our-br-732-sq/7928202334.html,2026-04-16 18:41:15.987879,craigslist,1.0,,Fort Worth,Mid-Range,998.0,14,38,Mid-Range
"Exquisite courtyard, garden-style 1 BR apartment in Fort Worth",998,$998,Fort Worth,https://dallas.craigslist.org/ftw/apa/d/arlington-exquisite-courtyard-garden/7926858530.html,2026-04-16 18:41:15.991359,craigslist,1.0,,Fort Worth,Mid-Range,998.0,14,38,Mid-Range
"$399 TOTAL MOVE IN!! NO DEPOSIT!! APPLY TODAY, GET APPROVED TODAY!!",999,$999,Fort Worth,https://dallas.craigslist.org/ftw/apa/d/fort-worth-399-total-move-in-no-deposit/7922225463.html,2026-04-16 18:41:15.980807,craigslist,,,Fort Worth,Mid-Range,,17,38,Mid-Range
Live Minutes from Downtown Fort Worth for Less — Spacious Floor Plans,999,$999,fort worth,https://dallas.craigslist.org/ftw/apa/d/fort-worth-live-minutes-from-downtown/7928216997.html,2026-04-16 18:41:15.981552,craigslist,,,Fort Worth,Mid-Range,,17,38,Mid-Range
Room to Breathe! Spacious 2-BR Apartment in Prime Fort Worth Spot!,999,$999,Fort Worth,https://dallas.craigslist.org/ftw/apa/d/fort-worth-room-to-breathe-spacious-br/7918668869.html,2026-04-16 18:41:15.983681,craigslist,,,Fort Worth,Mid-Range,,17,38,Mid-Range
Wonderful location for commuters! We're near public transit,1025,"$1,025",Fort Worth,https://dallas.craigslist.org/ftw/apa/d/fort-worth-wonderful-location-for/7928213590.html,2026-04-16 18:41:15.983360,craigslist,,,Fort Worth,Mid-Range,,20,38,Mid-Range
"Move now, save big at The Estates at Ridglea Hills Apartments!!!",1029,"$1,029",Fort Worth,https://dallas.craigslist.org/ftw/apa/d/fort-worth-move-now-save-big-at-the/7918896070.html,2026-04-16 18:41:15.983496,craigslist,,,Fort Worth,Mid-Range,,21,38,Mid-Range
Fort Worth 2BR Apartment – Comfortable & Well Located,1029,"$1,029",Fort Worth,https://dallas.craigslist.org/ftw/apa/d/fort-worth-fort-worth-2br-apartment/7918896295.html,2026-04-16 18:41:15.983581,craigslist,2.0,,Fort Worth,Mid-Range,514.0,21,38,Mid-Range
Room to Breathe! Spacious 2-BR Apartment in Prime Fort Worth Spot!,1029,"$1,029",Fort Worth,https://dallas.craigslist.org/ftw/apa/d/fort-worth-room-to-breathe-spacious-br/7918896251.html,2026-04-16 18:41:15.983638,craigslist,,,Fort Worth,Mid-Range,,21,38,Mid-Range
"2 bed 2 bath, $1149, 1050 LOOK AND LEASE SPECIAL",1149,"$1,149",fort worth,https://dallas.craigslist.org/ftw/apa/d/fort-worth-bed-bath-look-and-lease/7928215049.html,2026-04-16 18:41:15.982294,craigslist,2.0,2.0,Fort Worth,Mid-Range,574.0,24,38,Mid-Range
"2 bed 2 bath, $1149, 1050 sq ft. ONE MONTH FREE RENT SPECIAL",1149,"$1,149",fort worth,https://dallas.craigslist.org/ftw/apa/d/fort-worth-bed-bath-sq-ft-one-month/7928209554.html,2026-04-16 18:41:15.984729,craigslist,2.0,2.0,Fort Worth,Mid-Range,574.0,24,38,Mid-Range
"2 bed 1 bath, $999, 950 sq ft. $99 FIRST MONTHS RENT SPECIAL",1149,"$1,149",fort worth,https://dallas.craigslist.org/ftw/apa/d/fort-worth-bed-bath-sq-ft-99-first/7926851088.html,2026-04-16 18:41:15.992079,craigslist,2.0,1.0,Fort Worth,Mid-Range,574.0,24,38,Mid-Range
"Don't miss this fabulous 2 Bed, 1 Bath! Highly desirable location!",1152,"$1,152",Fort Worth,https://dallas.craigslist.org/ftw/apa/d/arlington-dont-miss-this-fabulous-bed/7926858353.html,2026-04-16 18:41:15.988162,craigslist,2.0,1.0,Fort Worth,Mid-Range,576.0,27,38,Mid-Range
"Gorgeous light filled 1100 Sq Ft, 2 Bed, 2 Bath with beautiful view!",1226,"$1,226",Fort Worth,https://dallas.craigslist.org/ftw/apa/d/arlington-gorgeous-light-filled-1100-sq/7928202539.html,2026-04-16 18:41:15.987664,craigslist,2.0,2.0,Fort Worth,Premium,613.0,28,38,Premium
Townhome Fort Worth,1229,"$1,229",Fort Worth,https://dallas.craigslist.org/ftw/apa/d/fort-worth-townhome-fort-worth/7923511820.html,2026-04-16 18:41:15.983453,craigslist,,,Fort Worth,Premium,,29,38,Premium
"Stop by today and check out our lovely 1000 sq ft, 2 bed / 2 bath!",1235,"$1,235",Fort Worth,https://dallas.craigslist.org/ftw/apa/d/fort-worth-stop-by-today-and-check-out/7928203601.html,2026-04-16 18:41:15.987352,craigslist,2.0,2.0,Fort Worth,Premium,618.0,30,38,Premium
"TMLP 14-mo. | Lux Upgrades, Resort Style Pool, Great Location",1246,"$1,246",fort worth,https://dallas.craigslist.org/ftw/apa/d/fort-worth-tmlp-14-mo-lux-upgrades/7928214513.html,2026-04-16 18:41:15.982471,craigslist,,,Fort Worth,Premium,,31,38,Premium
"Water Included, Picnic Areas w/BBQ Grill, Planned Youth Activities",1361,"$1,361",fort worth,https://dallas.craigslist.org/ftw/apa/d/fort-worth-water-included-picnic-areas/7928214816.html,2026-04-16 18:41:15.982382,craigslist,,,Fort Worth,Premium,,32,38,Premium
"TMLP 14-mo. | Door to Door Valet Trash, Private Backyards",1398,"$1,398",fort worth,https://dallas.craigslist.org/ftw/apa/d/fort-worth-tmlp-14-mo-door-to-door/7928194687.html,2026-04-16 18:41:15.989935,craigslist,,,Fort Worth,Premium,,33,38,Premium
"Cozy Furnished 2 Bed / 2 Bath Home Fully furnished, warm, and move-in",1500,"$1,500",fort worth,https://dallas.craigslist.org/ftw/apa/d/rainbow-cozy-furnished-bed-bath-home/7928215196.html,2026-04-16 18:41:15.982602,craigslist,2.0,2.0,Fort Worth,Premium,750.0,34,38,Premium
Beyond Four Walls: A Place to Truly Call Home!,1692,"$1,692",Fort Worth,https://dallas.craigslist.org/ftw/apa/d/arlington-beyond-four-walls-place-to/7928202507.html,2026-04-16 18:41:15.987707,craigslist,,,Fort Worth,Premium,,35,38,Premium
Come home to Tides at Eastchase in Fort Worth. Garden-style living!,1692,"$1,692",Fort Worth,https://dallas.craigslist.org/ftw/apa/d/arlington-come-home-to-tides-at/7926863881.html,2026-04-16 18:41:15.991317,craigslist,,,Fort Worth,Premium,,35,38,Premium
Looking for a beautiful space? You've come to the right place!,1808,"$1,808",Fort Worth,https://dallas.craigslist.org/ftw/apa/d/arlington-looking-for-beautiful-space/7928202326.html,2026-04-16 18:41:15.987922,craigslist,,,Fort Worth,Premium,,37,38,Premium
Unwind from your busy life in our garden-style 3 bed / 2 bath!,1808,"$1,808",Fort Worth,https://dallas.craigslist.org/ftw/apa/d/arlington-unwind-from-your-busy-life-in/7926858440.html,2026-04-16 18:41:15.988049,craigslist,3.0,2.0,Fort Worth,Premium,603.0,37,38,Premium
Where Every Day Feels Special: Claim Your Spot!,882,$882,Fort Worth - Fort Worth Botanic Garden,https://dallas.craigslist.org/ftw/apa/d/fort-worth-where-every-day-feels/7928208990.html,2026-04-16 18:41:15.984935,craigslist,,,Fort Worth - Fort Worth Botanic Garden,Mid-Range,,1,4,Mid-Range
1 BR / 1 BA great for pets! Pet-Friendly Community in Fort Worth,882,$882,Fort Worth - Fort Worth Botanic Garden,https://dallas.craigslist.org/ftw/apa/d/fort-worth-br-ba-great-for-pets-pet/7927765791.html,2026-04-16 18:41:15.988294,craigslist,1.0,1.0,Fort Worth - Fort Worth Botanic Garden,Mid-Range,882.0,1,4,Mid-Range
"You have to see us to believe us! Beautiful 2 bed, 2 bath, 892 SqFt",1192,"$1,192",Fort Worth - Fort Worth Botanic Garden,https://dallas.craigslist.org/ftw/apa/d/fort-worth-you-have-to-see-us-to/7926932488.html,2026-04-16 18:41:15.982165,craigslist,2.0,2.0,Fort Worth - Fort Worth Botanic Garden,Mid-Range,596.0,3,4,Mid-Range
Simplicity Meets Comfort: Enter Inside & Relax!,1192,"$1,192",Fort Worth - Fort Worth Botanic Garden,https://dallas.craigslist.org/ftw/apa/d/fort-worth-simplicity-meets-comfort/7928209028.html,2026-04-16 18:41:15.984894,craigslist,,,Fort Worth - Fort Worth Botanic Garden,Mid-Range,,3,4,Mid-Range
"Come see this charming 1 Bed, 1 Bath today! Washer/dryer included!",852,$852,Fort Worth - Fort Worth Stockyards,https://dallas.craigslist.org/ftw/apa/d/fort-worth-come-see-this-charming-bed/7927765707.html,2026-04-16 18:41:15.988249,craigslist,1.0,1.0,Fort Worth - Fort Worth Stockyards,Mid-Range,852.0,1,3,Mid-Range
"Unbeatable location! 2 bed, 2 bath - Ready for move-in!",1412,"$1,412",Fort Worth - Fort Worth Stockyards,https://dallas.craigslist.org/ftw/apa/d/fort-worth-unbeatable-location-bed-bath/7926932528.html,2026-04-16 18:41:15.982209,craigslist,2.0,2.0,Fort Worth - Fort Worth Stockyards,Premium,706.0,2,3,Premium
"Spacious layout with private washer & dryer! 1079 SqFt 2 Bed, 2 Bath",1412,"$1,412",Fort Worth - Fort Worth Stockyards,https://dallas.craigslist.org/ftw/apa/d/fort-worth-spacious-layout-with-private/7928209474.html,2026-04-16 18:41:15.984771,craigslist,2.0,2.0,Fort Worth - Fort Worth Stockyards,Premium,706.0,2,3,Premium
"Ready for a change? This 1 BR, 523 Sq Ft is a breath of fresh air.",852,$852,Fort Worth - Fort Worth Water Gardens,https://dallas.craigslist.org/ftw/apa/d/fort-worth-ready-for-change-this-br-523/7926865738.html,2026-04-16 18:41:15.991783,craigslist,1.0,,Fort Worth - Fort Worth Water Gardens,Mid-Range,852.0,1,4,Mid-Range
Vibrant Living Meets Cozy Retreats: Your Next Home Awaits Here!,946,$946,Fort Worth - Fort Worth Water Gardens,https://dallas.craigslist.org/ftw/apa/d/fort-worth-vibrant-living-meets-cozy/7926865704.html,2026-04-16 18:41:15.991740,craigslist,,,Fort Worth - Fort Worth Water Gardens,Mid-Range,,2,4,Mid-Range
Beyond Four Walls: A Place to Truly Call Home!,956,$956,Fort Worth - Fort Worth Water Gardens,https://dallas.craigslist.org/ftw/apa/d/fort-worth-beyond-four-walls-place-to/7928209599.html,2026-04-16 18:41:15.984646,craigslist,,,Fort Worth - Fort Worth Water Gardens,Mid-Range,,3,4,Mid-Range
The living is easy at our community! Comfortable 2 bed/2 bath!,1236,"$1,236",Fort Worth - Fort Worth Water Gardens,https://dallas.craigslist.org/ftw/apa/d/fort-worth-the-living-is-easy-at-our/7928209559.html,2026-04-16 18:41:15.984688,craigslist,2.0,2.0,Fort Worth - Fort Worth Water Gardens,Premium,618.0,4,4,Premium
"Captivating 2 BR-Oversize Closets, Fireplace, Lake Views",1606,"$1,606","Fort Worth, Texas",https://dallas.craigslist.org/ftw/apa/d/fort-worth-captivating-br-oversize/7928215357.html,2026-04-16 18:41:15.982080,craigslist,2.0,,"Fort Worth, Texas",Premium,803.0,1,1,Premium
Frisco 2 Months Free,1600,"$1,600",Frisco,https://dallas.craigslist.org/dal/apa/d/frisco-frisco-months-free/7926254826.html,2026-04-16 18:41:15.994474,craigslist,,,Frisco,Premium,,1,1,Premium
A Brand New Upscale and Trendy Apartment in Frisco - 10 WEEKS FREE,1399,"$1,399",Frisco/Plano/Prosper,https://dallas.craigslist.org/dal/apa/d/frisco-brand-new-upscale-and-trendy/7928212806.html,2026-04-16 18:41:15.984041,craigslist,,,Frisco/Plano/Prosper,Premium,,1,1,Premium
Ft Worth rental homes - 575 min credit - 2 Months Free,1970,"$1,970",Ft  Worth,https://dallas.craigslist.org/dal/apa/d/fort-worth-ft-worth-rental-homes-min/7927749300.html,2026-04-16 18:41:15.991869,craigslist,,,Ft  Worth,Premium,,1,1,Premium
Ft Worth rental homes - 6 Weeks Free,1900,"$1,900",Ft Worth,https://dallas.craigslist.org/dal/apa/d/fort-worth-ft-worth-rental-homes-weeks/7925608872.html,2026-04-16 18:41:15.994987,craigslist,,,Ft Worth,Premium,,1,1,Premium
Beautiful Family Home in-Quiet neighborhood!!@,1075,"$1,075",GARLAND,https://dallas.craigslist.org/dal/apa/d/garland-beautiful-family-home-in-quiet/7928176002.html,2026-04-16 18:41:15.993223,craigslist,,,Garland,Mid-Range,,1,2,Mid-Range
"Patio Lounge with Ping Pong & BBQ Grills, 24-Hour Yoga & Spin Room",1899,"$1,899","Garland, TX",https://dallas.craigslist.org/dal/apa/d/garland-patio-lounge-with-ping-pong-bbq/7928210871.html,2026-04-16 18:41:15.984393,craigslist,,,Garland,Premium,,2,2,Premium
"On-site Laundry Facility, Spacious Grounds, Children's Play Area",1157,"$1,157",Grand Prairie,https://dallas.craigslist.org/mdf/apa/d/grand-prairie-on-site-laundry-facility/7928215844.html,2026-04-16 18:41:15.981641,craigslist,,,Grand Prairie,Mid-Range,,1,1,Mid-Range
Brand New! Be The First To Live Here! Amazing Lux Amenities-Tour Today,2130,"$2,130","Grand Prairie, Mansfield, Midlothian",https://dallas.craigslist.org/dal/apa/d/midlothian-brand-new-be-the-first-to/7928197074.html,2026-04-16 18:41:15.989423,craigslist,,,"Grand Prairie, Mansfield, Midlothian",Luxury,,1,2,Luxury
Stunning Amenities- We're Now Open! An Absolute Must see - New!,2375,"$2,375","Grand Prairie, Mansfield, Midlothian",https://dallas.craigslist.org/dal/apa/d/midlothian-stunning-amenities-were-now/7928215074.html,2026-04-16 18:41:15.982250,craigslist,,,"Grand Prairie, Mansfield, Midlothian",Luxury,,2,2,Luxury
"1 Bed, 1 Bath with 🚗Covered Parking and Fireplace 🔥",1027,"$1,027",Irving,https://dallas.craigslist.org/dal/apa/d/irving-bed-bath-with-covered-parking/7928185809.html,2026-04-16 18:41:15.992428,craigslist,1.0,1.0,Irving,Mid-Range,1027.0,1,2,Mid-Range
Irving 2nd Chance Apartments,1400,"$1,400",Irving,https://dallas.craigslist.org/dal/apa/d/ennis-irving-2nd-chance-apartments/7925609568.html,2026-04-16 18:41:15.994859,craigslist,,,Irving,Premium,,2,2,Premium
1-2 Months Free New Apartments,1325,"$1,325",Mansfield,https://dallas.craigslist.org/dal/apa/d/mansfield-2-months-free-new-apartments/7927291628.html,2026-04-16 18:41:15.993697,craigslist,,,Mansfield,Premium,,1,1,Premium
Luxury Apartment - Broken Lease or Eviction,1203,"$1,203",McKinney,https://dallas.craigslist.org/dal/apa/d/mckinney-luxury-apartment-broken-lease/7921757734.html,2026-04-16 18:41:15.988778,craigslist,,,Mckinney,Premium,,1,1,Premium
A New Trendy and Stylish Apartment in McKinney!,1195,"$1,195",McKinney/Frisco,https://dallas.craigslist.org/dal/apa/d/mckinney-new-trendy-and-stylish/7928213120.html,2026-04-16 18:41:15.983411,craigslist,,,Mckinney/Frisco,Mid-Range,,1,2,Mid-Range
A New Trendy and Stylish Apartment in McKinney!,1829,"$1,829",McKinney/Frisco,https://dallas.craigslist.org/dal/apa/d/mckinney-new-trendy-and-stylish/7928212743.html,2026-04-16 18:41:15.984085,craigslist,,,Mckinney/Frisco,Premium,,2,2,Premium
🏡 Studios Starting at JUST $899! 👀✨ 6 WEEKS FREE RENT — LIMITED!,899,$899,Mesquite,https://dallas.craigslist.org/dal/apa/d/mesquite-studios-starting-at-just-weeks/7927103038.html,2026-04-16 18:41:15.985536,craigslist,0.0,,Mesquite,Mid-Range,,1,9,Mid-Range
🏡 $899! INTERNSHIP STUDENTS! STOP OVERSPENDING ON RENT 🏡,899,$899,Mesquite,https://dallas.craigslist.org/dal/apa/d/mesquite-899-internship-students-stop/7922093483.html,2026-04-16 18:41:15.985790,craigslist,,,Mesquite,Mid-Range,,1,9,Mid-Range
🏡 Student-Friendly Junior 1 Bedroom Apartments – Move In NOW! 🎓,899,$899,Mesquite,https://dallas.craigslist.org/dal/apa/d/mesquite-student-friendly-junior/7921225559.html,2026-04-16 18:41:15.985873,craigslist,1.0,,Mesquite,Mid-Range,899.0,1,9,Mid-Range
🎉 OPEN HOUSE EVENT – THIS SATURDAY! 🎉,1129,"$1,129",Mesquite,https://dallas.craigslist.org/dal/apa/d/mesquite-open-house-event-this-saturday/7922639400.html,2026-04-16 18:41:15.985705,craigslist,,,Mesquite,Mid-Range,,4,9,Mid-Range
💥 April Move-In Special 💥 ✨ 6 WEEKS FREE RENT 🎉,1259,"$1,259",Mesquite,https://dallas.craigslist.org/dal/apa/d/mesquite-april-move-in-special-weeks/7922093178.html,2026-04-16 18:41:15.985832,craigslist,,,Mesquite,Premium,,5,9,Premium
✨2 Bedroom - 2 Bath ✨ Comfort • Convenience • Prime Location ✨,1399,"$1,399",Mesquite,https://dallas.craigslist.org/dal/apa/d/mesquite-bedroom-bath-comfort/7927101134.html,2026-04-16 18:41:15.985579,craigslist,2.0,2.0,Mesquite,Premium,700.0,6,9,Premium
✨2 Bedroom - 2 Bath ✨ $1399 Comfort • Convenience • Prime Location ✨,1399,"$1,399",Mesquite,https://dallas.craigslist.org/dal/apa/d/mesquite-bedroom-bath-comfort/7922093806.html,2026-04-16 18:41:15.985747,craigslist,2.0,2.0,Mesquite,Premium,700.0,6,9,Premium
✨ 6 WEEKS FREE RENT✨📅 Limited-time offer — ends April 20th!,1399,"$1,399",Mesquite,https://dallas.craigslist.org/dal/apa/d/mesquite-weeks-free-rent-limited-time/7921225838.html,2026-04-16 18:41:15.985915,craigslist,,,Mesquite,Premium,,6,9,Premium
✨ 6 WEEKS FREE RENT ✨💥 UNLOCK THE DOOR TO SAVINGS 💥,1409,"$1,409",Mesquite,https://dallas.craigslist.org/dal/apa/d/mesquite-weeks-free-rent-unlock-the/7921225346.html,2026-04-16 18:41:15.985957,craigslist,,,Mesquite,Premium,,9,9,Premium
"Modern 1 Bed, 1 Bath Unit in Bedford | Available 05/01 | $1025/mo",1025,"$1,025",mid cities,https://dallas.craigslist.org/mdf/apa/d/bedford-modern-bed-bath-unit-in-bedford/7928203260.html,2026-04-16 18:41:15.987793,craigslist,1.0,1.0,Mid Cities,Mid-Range,1025.0,1,4,Mid-Range
1 Bed 1 Bath Available at The Avery Apartments,1200,"$1,200",mid cities,https://dallas.craigslist.org/mdf/apa/d/bedford-bed-bath-available-at-the-avery/7928199495.html,2026-04-16 18:41:15.989076,craigslist,1.0,1.0,Mid Cities,Premium,1200.0,2,4,Premium
2 Bed 2 Bath Available at The Avery Apartments,1500,"$1,500",mid cities,https://dallas.craigslist.org/mdf/apa/d/bedford-bed-bath-available-at-the-avery/7928217373.html,2026-04-16 18:41:15.981407,craigslist,2.0,2.0,Mid Cities,Premium,750.0,3,4,Premium
"Spacious 3 Bed/2 Bath Apartment in Bedford, TX - Available 05/01 - $17",1700,"$1,700",mid cities,https://dallas.craigslist.org/mdf/apa/d/bedford-spacious-bed-bath-apartment-in/7928217060.html,2026-04-16 18:41:15.981507,craigslist,3.0,2.0,Mid Cities,Premium,567.0,4,4,Premium
"Fitness Center, Quartz Countertop, Air Conditioning, LED Lighting",834,$834,North Dallas,https://dallas.craigslist.org/ndf/apa/d/dallas-fitness-center-quartz-countertop/7928214368.html,2026-04-16 18:41:15.982645,craigslist,,,North Dallas,Mid-Range,,1,2,Mid-Range
STUDIO HOME 6 WEEKS FREE ONLY $895 A MONTH,895,$895,NORTH DALLAS,https://dallas.craigslist.org/ndf/apa/d/dallas-studio-home-weeks-free-only-895/7928188085.html,2026-04-16 18:41:15.991443,craigslist,0.0,,North Dallas,Mid-Range,,2,2,Mid-Range
"Elevator Access, Hardwood Flooring, Close to Schools",291,$291,north DFW,https://dallas.craigslist.org/ndf/apa/d/dallas-elevator-access-hardwood/7925959949.html,2026-04-16 18:41:15.984351,craigslist,,,North Dfw,Budget,,1,14,Budget
"Controlled Access, Night Patrol, Close to Restaurants",291,$291,north DFW,https://dallas.craigslist.org/ndf/apa/d/dallas-controlled-access-night-patrol/7928194005.html,2026-04-16 18:41:15.990187,craigslist,,,North Dfw,Budget,,1,14,Budget
"Elevator Access, Air Conditioning, BBQ/Picnic Area",291,$291,north DFW,https://dallas.craigslist.org/ndf/apa/d/dallas-elevator-access-air-conditioning/7928193999.html,2026-04-16 18:41:15.990231,craigslist,,,North Dfw,Budget,,1,14,Budget
"Laundry Facility, Close to Freeway, Package Receiving",291,$291,north DFW,https://dallas.craigslist.org/ndf/apa/d/dallas-laundry-facility-close-to/7928193996.html,2026-04-16 18:41:15.990274,craigslist,,,North Dfw,Budget,,1,14,Budget
"Air Conditioning, Free Premium Cable TV, WiFi Access",291,$291,north DFW,https://dallas.craigslist.org/ndf/apa/d/dallas-air-conditioning-free-premium/7928193993.html,2026-04-16 18:41:15.990317,craigslist,,,North Dfw,Budget,,1,14,Budget
"Security Camera, Free Utilities, Sparkling Pool",291,$291,north DFW,https://dallas.craigslist.org/ndf/apa/d/dallas-security-camera-free-utilities/7928193987.html,2026-04-16 18:41:15.990366,craigslist,,,North Dfw,Budget,,1,14,Budget
Experience Howe's Hidden Gem! 1 BR w/ Balcony & Breakfast Bar,460,$460,north DFW,https://dallas.craigslist.org/ndf/apa/d/howe-experience-howes-hidden-gem-br/7928194636.html,2026-04-16 18:41:15.989977,craigslist,1.0,,North Dfw,Budget,460.0,7,14,Budget
Must-See! Inviting 1 BR with Balcony & Modern Appliances,920,$920,north DFW,https://dallas.craigslist.org/ndf/apa/d/pottsboro-must-see-inviting-br-with/7928215382.html,2026-04-16 18:41:15.981994,craigslist,1.0,,North Dfw,Mid-Range,920.0,8,14,Mid-Range
"Rockwall TX, Pet-friendly, 1/BD 1/BA",999,$999,north DFW,https://dallas.craigslist.org/ndf/apa/d/rockwall-rockwall-tx-pet-friendly-bd-ba/7928196897.html,2026-04-16 18:41:15.989465,craigslist,,,North Dfw,Mid-Range,,9,14,Mid-Range
"1 Bed, in Rockwall TX, Updated Fixtures",999,$999,north DFW,https://dallas.craigslist.org/ndf/apa/d/rockwall-bed-in-rockwall-tx-updated/7928196516.html,2026-04-16 18:41:15.989549,craigslist,1.0,,North Dfw,Mid-Range,999.0,9,14,Mid-Range
"Updated Fixtures, Sparkling Pool, Reserved Parking $",999,$999,north DFW,https://dallas.craigslist.org/ndf/apa/d/rockwall-updated-fixtures-sparkling/7928195617.html,2026-04-16 18:41:15.989677,craigslist,,,North Dfw,Mid-Range,,9,14,Mid-Range
"Ceiling Fans, Located in Rockwall, 1/bd",999,$999,north DFW,https://dallas.craigslist.org/ndf/apa/d/rockwall-ceiling-fans-located-in/7928195098.html,2026-04-16 18:41:15.989806,craigslist,,,North Dfw,Mid-Range,,9,14,Mid-Range
"Ceiling Fans, Pet-friendly, Central Heat & Air",999,$999,north DFW,https://dallas.craigslist.org/ndf/apa/d/rockwall-ceiling-fans-pet-friendly/7923974431.html,2026-04-16 18:41:15.990452,craigslist,,,North Dfw,Mid-Range,,9,14,Mid-Range
"Patios/Balconies, Pet-friendly, Updated Fixtures",1145,"$1,145",north DFW,https://dallas.craigslist.org/ndf/apa/d/rockwall-patios-balconies-pet-friendly/7928196043.html,2026-04-16 18:41:15.989592,craigslist,,,North Dfw,Mid-Range,,14,14,Mid-Range
Blossom Into Spring with a Fresh Monthly $1500,1500,"$1,500",Plano,https://dallas.craigslist.org/ndf/apa/d/plano-blossom-into-spring-with-fresh/7928199865.html,2026-04-16 18:41:15.988650,craigslist,,,Plano,Premium,,1,1,Premium
Prosper Homes For Rent - 2 Months Free,2950,"$2,950",Prosper,https://dallas.craigslist.org/dal/apa/d/ennis-prosper-homes-for-rent-months-free/7927739706.html,2026-04-16 18:41:15.993526,craigslist,,,Prosper,Luxury,,1,4,Luxury
Prosper Homes For Rent - 2 Months Free plus $1000 off,2950,"$2,950",Prosper,https://dallas.craigslist.org/dal/apa/d/ennis-prosper-homes-for-rent-months/7925633206.html,2026-04-16 18:41:15.994559,craigslist,,,Prosper,Luxury,,1,4,Luxury
Prosper ISD Rental Homes - 6 Weeks Free Plus $1000 Off Move in asap,3095,"$3,095",prosper,https://dallas.craigslist.org/dal/apa/d/prosper-prosper-isd-rental-homes-weeks/7927746838.html,2026-04-16 18:41:15.991953,craigslist,,,Prosper,Luxury,,3,4,Luxury
6 Weeks Free Plus $1000 off  New Homes Prosper,3300,"$3,300",Prosper,https://dallas.craigslist.org/dal/apa/d/prosper-weeks-free-plus-1000-off-new/7926889424.html,2026-04-16 18:41:15.993824,craigslist,,,Prosper,Luxury,,4,4,Luxury
2nd Month Free - New Forney Rental Homes - 600 min credit,2100,"$2,100",Red Oak,https://dallas.craigslist.org/dal/apa/d/red-oak-2nd-month-free-new-forney/7927746902.html,2026-04-16 18:41:15.991911,craigslist,,,Red Oak,Luxury,,1,2,Luxury
Red Oak New Townhomes - 1 Month Free,2100,"$2,100",Red Oak,https://dallas.craigslist.org/dal/apa/d/red-oak-red-oak-new-townhomes-month-free/7926890016.html,2026-04-16 18:41:15.993739,craigslist,,,Red Oak,Luxury,,1,2,Luxury
"$1,299 / 2br - 850sqft -  3 bedrooms Available @Cedar point",1299,"$1,299",Seagoville,https://dallas.craigslist.org/dal/apa/d/seagoville-br-850sqft-bedrooms/7924686844.html,2026-04-16 18:41:15.993094,craigslist,2.0,,Seagoville,Premium,650.0,1,1,Premium
The Perfect Location Between Dallas and Fort Worth,1490,"$1,490",south DFW,https://dallas.craigslist.org/sdf/apa/d/arlington-the-perfect-location-between/7928216122.html,2026-04-16 18:41:15.982038,craigslist,,,South Dfw,Premium,,1,1,Premium
"Car Wash Area, Dog Park, Pool",1053,"$1,053","Via Real, Cavalli Pizza",https://dallas.craigslist.org/mdf/apa/d/irving-car-wash-area-dog-park-pool/7928185741.html,2026-04-16 18:41:15.992512,craigslist,,,"Via Real, Cavalli Pizza",Mid-Range,,1,2,Mid-Range
"Playground, Wi-Fi, Laundry Facilities",1376,"$1,376","Via Real, Cavalli Pizza",https://dallas.craigslist.org/mdf/apa/d/irving-playground-wi-fi-laundry/7926608927.html,2026-04-16 18:41:15.989762,craigslist,,,"Via Real, Cavalli Pizza",Premium,,2,2,Premium
1 Month Free Waxahachie Homes For Rent - Brand New Homes,2399,"$2,399",Waxahachie,https://dallas.craigslist.org/dal/apa/d/waxahachie-month-free-waxahachie-homes/7927743267.html,2026-04-16 18:41:15.993400,craigslist,,,Waxahachie,Luxury,,1,1,Luxury
"***Same Day Move Ins**** Low Deposits**** ***1, 2 or 3 Bedroom****",1165,"$1,165",Weatherford,https://dallas.craigslist.org/ftw/apa/d/weatherford-same-day-move-ins-low/7926695668.html,2026-04-16 18:41:15.990019,craigslist,3.0,,Weatherford,Mid-Range,388.0,1,3,Mid-Range
SPECIALS!! MOVE IN SAME DAY!! LOW DEPOSIT!! 2 BEDROOM!!,1330,"$1,330",Weatherford,https://dallas.craigslist.org/ndf/apa/d/weatherford-specials-move-in-same-day/7926695425.html,2026-04-16 18:41:15.990061,craigslist,2.0,,Weatherford,Premium,665.0,2,3,Premium
Free Application!! Specials!!! Same Day Move Ins!! Low Deposits!!!,1330,"$1,330",Weatherford,https://dallas.craigslist.org/ndf/apa/d/weatherford-free-application-specials/7926695333.html,2026-04-16 18:41:15.990104,craigslist,,,Weatherford,Premium,,2,3,Premium
Best price around! Best location! 2 bedroom 1 bath duplex available,789,$789,West of Weatherford/ Ft Worth,https://dallas.craigslist.org/ftw/apa/d/mineral-wells-best-price-around-best/7928189662.html,2026-04-16 18:41:15.990973,craigslist,2.0,1.0,West Of Weatherford/ Ft Worth,Budget,394.0,1,1,Budget
"Business Center, Guest Parking, Mini Blinds, Cable Ready",1070,"$1,070","Whitewright, TX",https://dallas.craigslist.org/ndf/apa/d/tom-bean-business-center-guest-parking/7928216586.html,2026-04-16 18:41:15.981462,craigslist,,,Whitewright,Mid-Range,,1,1,Mid-Range
