title,price,price_raw,location,link,scraped_at,source,bedrooms,bathrooms,clean_location,price_category,price_per_bedroom
899! Especial De mudanza! Ven Y visitanos hoy!,1100,"$1,100","11457 Dennis Rd, Dallas, TX",https://dallas.craigslist.org/dal/apa/d/dallas-899-especial-de-mudanza-ven/7923790822.html,2026-04-18T06:24:04.440484,craigslist,,,"11457 Dennis Rd, Dallas",Mid-Range,
"2 bed 2 bath, $1149, 1050 Sq Ft, $99 First Months Rent Special",1149,"$1,149",fort worth,https://dallas.craigslist.org/ftw/apa/d/fort-worth-bed-bath-sq-ft-99-first/7920957437.html,2026-04-18T06:24:04.440545,craigslist,2.0,2.0,Fort Worth,Mid-Range,574.0
"Close to Freeway, Hard Surface Flooring, Ceiling Fan",850,$850,"7610 Skillman St, Dallas, TX",https://dallas.craigslist.org/dal/apa/d/dallas-close-to-freeway-hard-surface/7925283452.html,2026-04-18T06:24:04.440590,craigslist,,,"7610 Skillman St, Dallas",Mid-Range,
"On-Site Management Team, 1/BD, In Bedford",1125,"$1,125","bedford,TX",https://dallas.craigslist.org/mdf/apa/d/bedford-on-site-management-team-bd-in/7920301400.html,2026-04-18T06:24:04.440629,craigslist,,,Bedford,Mid-Range,
"Affordable Living: Clean, Safe, With a Kitchen",1689,"$1,689","380 W Lyndon B Johnson Fwy, Irving, TX",https://dallas.craigslist.org/ndf/apa/d/irving-affordable-living-clean-safe/7926697643.html,2026-04-18T06:24:04.440672,craigslist,,,"380 W Lyndon B Johnson Fwy, Irving",Premium,
1 story Condominium for rent,1500,"$1,500",Dallas,https://dallas.craigslist.org/dal/apa/d/dallas-story-condominium-for-rent/7928501787.html,2026-04-18T06:24:04.440711,craigslist,,,Dallas,Premium,
"Bilingual Speaking Staff, Fireplaces, Gated Community",1425,"$1,425",The Link Apartments,https://dallas.craigslist.org/dal/apa/d/dallas-bilingual-speaking-staff/7927530152.html,2026-04-18T06:24:04.440752,craigslist,,,The Link Apartments,Premium,
"Courtyard, Public Transportation, BBQ/Picnic Area",1195,"$1,195","701 W Buckingham Rd, Garland, TX",https://dallas.craigslist.org/ndf/apa/d/garland-courtyard-public-transportation/7926663442.html,2026-04-18T06:24:04.440793,craigslist,,,"701 W Buckingham Rd, Garland",Mid-Range,
"On-Site Laundry Facility, Dog Park, Soaking Tubs",1165,"$1,165","2801 Turnberry Dr, Arlington, TX",https://dallas.craigslist.org/mdf/apa/d/arlington-on-site-laundry-facility-dog/7920146793.html,2026-04-18T06:24:04.440831,craigslist,,,"2801 Turnberry Dr, Arlington",Mid-Range,
"Modern Finishes, Private Patio/Balcony, Washer/Dryer Connections",1310,"$1,310","4211 San Jacinto St, Dallas, TX",https://dallas.craigslist.org/dal/apa/d/dallas-modern-finishes-private-patio/7923348065.html,2026-04-18T06:24:04.440869,craigslist,,,"4211 San Jacinto St, Dallas",Premium,
"3 Parks Within Minutes, Business Center, Wired for High-Speed Internet",1709,"$1,709","595 S Old Orchard Ln, Lewisville, TX",https://dallas.craigslist.org/ndf/apa/d/lewisville-parks-within-minutes/7923949360.html,2026-04-18T06:24:04.440906,craigslist,,,"595 S Old Orchard Ln, Lewisville",Premium,
3BR/2BA Ranch Gem: Fenced-in Yard & Functional Layout,900,$900,Dallas,https://dallas.craigslist.org/dal/apa/d/dallas-3br-2ba-ranch-gem-fenced-in-yard/7928498752.html,2026-04-18T06:24:04.440965,craigslist,3.0,2.0,Dallas,Mid-Range,300.0
"Separate Dining Area, Dishwasher, 1bd 1ba",1040,"$1,040","14000 Esperanza Road, Dallas, TX",https://dallas.craigslist.org/ndf/apa/d/dallas-separate-dining-area-dishwasher/7925480753.html,2026-04-18T06:24:04.441005,craigslist,1.0,1.0,"14000 Esperanza Road, Dallas",Mid-Range,1040.0
"Window Coverings, On-Site Maintenance, Dishwasher",1299,"$1,299","1400 Shady Ln, Bedford, TX",https://dallas.craigslist.org/mdf/apa/d/bedford-window-coverings-on-site/7923745053.html,2026-04-18T06:24:04.441044,craigslist,,,"1400 Shady Ln, Bedford",Premium,
"Vestidor, acceso controlado, alfombra de lujo.",1285,"$1,285","11457 Dennis Rd, Dallas, TX",https://dallas.craigslist.org/dal/apa/d/dallas-vestidor-acceso-controlado/7926974066.html,2026-04-18T06:24:04.441082,craigslist,,,"11457 Dennis Rd, Dallas",Premium,
Managers Special for Your First Month - A Smart Apartment Alternative!,1539,"$1,539","3401 N Central Expy N, McKinney, TX",https://dallas.craigslist.org/ndf/apa/d/mckinney-managers-special-for-your/7926698438.html,2026-04-18T06:24:04.441119,craigslist,,,"3401 N Central Expy N, Mckinney",Premium,
Save Big with Flexible Living Solutions!,1507,"$1,507","12745 N Fwy, Fort Worth, TX",https://dallas.craigslist.org/ftw/apa/d/fort-worth-save-big-with-flexible/7926920029.html,2026-04-18T06:24:04.441155,craigslist,,,"12745 N Fwy, Fort Worth",Premium,
"EV Charging, 1/bd, In Plano",343,$343,"9020 Rasor Boulevard, Plano, TX",https://dallas.craigslist.org/ndf/apa/d/plano-ev-charging-bd-in-plano/7927042189.html,2026-04-18T06:24:04.441193,craigslist,,,"9020 Rasor Boulevard, Plano",Budget,
"Clean, Safe, and Budget-Friendly Weekly Rates - No Deposit!",399,$399,"6801 K Ave, Plano, TX",https://dallas.craigslist.org/ndf/apa/d/plano-clean-safe-and-budget-friendly/7926922363.html,2026-04-18T06:24:04.441232,craigslist,,,"6801 K Ave, Plano",Budget,
"Sundeck with Lounge Chairs, Wood Plank Floors, Playground",1445,"$1,445","2333 Escalante Ave, Fort Worth, TX",https://dallas.craigslist.org/ftw/apa/d/fort-worth-sundeck-with-lounge-chairs/7925463536.html,2026-04-18T06:24:04.441268,craigslist,,,"2333 Escalante Ave, Fort Worth",Premium,
"Central Air, Laundry Lounge, Carpeting",900,$900,"6603 E Lovers Ln, Dallas, TX",https://dallas.craigslist.org/dal/apa/d/dallas-central-air-laundry-lounge/7924574255.html,2026-04-18T06:24:04.441304,craigslist,,,"6603 E Lovers Ln, Dallas",Mid-Range,
"Vinyl Flooring, Playground, Maintenance on site",875,$875,"7310 Marvin D. Love Fwy, Dallas, TX",https://dallas.craigslist.org/dal/apa/d/dallas-vinyl-flooring-playground/7925449167.html,2026-04-18T06:24:04.441341,craigslist,,,"7310 Marvin D. Love Fwy, Dallas",Mid-Range,
"Laundry Facilities, On-Site Management, Patio/Balcony",1130,"$1,130","1455 N. Perry Rd, Carrollton, TX",https://dallas.craigslist.org/ndf/apa/d/carrollton-laundry-facilities-on-site/7921038292.html,2026-04-18T06:24:04.441377,craigslist,,,"1455 N. Perry Rd, Carrollton",Mid-Range,
"1/BD, Storage Unit, Situated in Fort Worth!",949,$949,"350 Shady Ln Dr, Fort Worth, TX",https://dallas.craigslist.org/ftw/apa/d/fort-worth-bd-storage-unit-situated-in/7920318171.html,2026-04-18T06:24:04.441416,craigslist,,,"350 Shady Ln Dr, Fort Worth",Mid-Range,
"Smoke-Free Building, Central Air, Playground",1300,"$1,300","bedford,TX",https://dallas.craigslist.org/mdf/apa/d/bedford-smoke-free-building-central-air/7922620075.html,2026-04-18T06:24:04.441454,craigslist,,,Bedford,Premium,
"New Price, Limited Apartments!!!",850,$850,The Link Apartments!,https://dallas.craigslist.org/dal/apa/d/dallas-new-price-limited-apartments/7926626194.html,2026-04-18T06:24:04.441490,craigslist,,,The Link Apartments!,Mid-Range,
"Gated Access, Wood Burning Fireplace, Spacious Closets",1375,"$1,375",Lake Highlands,https://dallas.craigslist.org/dal/apa/d/dallas-gated-access-wood-burning/7926974461.html,2026-04-18T06:24:04.441528,craigslist,,,Lake Highlands,Premium,
"Refrigerator with Ice Maker, Large Closet, Controlled Access/Gated",825,$825,"7610 Skillman St, Dallas, TX",https://dallas.craigslist.org/dal/apa/d/dallas-refrigerator-with-ice-maker/7926770184.html,2026-04-18T06:24:04.441614,craigslist,,,"7610 Skillman St, Dallas",Mid-Range,
"1 Mile from Lake Ray Hubbard, Located in Rockwall, 1 Bed",999,$999,north DFW,https://dallas.craigslist.org/ndf/apa/d/rockwall-mile-from-lake-ray-hubbard/7920740704.html,2026-04-18T06:24:04.441671,craigslist,1.0,,North Dfw,Mid-Range,999.0
1 BEDROOM TOWNHOME 6 WEEKS FREE,1295,"$1,295",NORTH DALLAS,https://dallas.craigslist.org/ndf/apa/d/dallas-bedroom-townhome-weeks-free/7925861783.html,2026-04-18T06:24:04.441712,craigslist,1.0,,North Dallas,Premium,1295.0
"Online payments available, 1 BD, In Dallas",700,$700,"14018 Brookgreen Drive, Dallas, TX",https://dallas.craigslist.org/ndf/apa/d/dallas-online-payments-available-bd-in/7925484335.html,2026-04-18T06:24:04.441749,craigslist,1.0,,"14018 Brookgreen Drive, Dallas",Budget,700.0
"Washer and Dryer Connections, Spacious Closets, Soaking Tubs",1165,"$1,165","2801 Turnberry Dr, Arlington, TX",https://dallas.craigslist.org/mdf/apa/d/arlington-washer-and-dryer-connections/7921527569.html,2026-04-18T06:24:04.441784,craigslist,,,"2801 Turnberry Dr, Arlington",Mid-Range,
"Elevator, Copy and Fax Services, Package Receiving",291,$291,north DFW,https://dallas.craigslist.org/ndf/apa/d/dallas-elevator-copy-and-fax-services/7927552905.html,2026-04-18T06:24:04.441818,craigslist,,,North Dfw,Budget,
"Flexible Apartment Living, Without the Hassle!",1399,"$1,399","4505 N Interstate 35, Denton, TX",https://dallas.craigslist.org/ndf/apa/d/denton-flexible-apartment-living/7926250335.html,2026-04-18T06:24:04.441854,craigslist,,,"4505 N Interstate 35, Denton",Premium,
STOP SCROLLING — Move-In Specials + FREE $20 Gas Card!,865,$865,"3130 Lombardy Ln, Dallas, TX",https://dallas.craigslist.org/ndf/apa/d/dallas-stop-scrolling-move-in-specials/7928496691.html,2026-04-18T06:24:04.441898,craigslist,,,"3130 Lombardy Ln, Dallas",Mid-Range,
"Resident Referral Program, Spacious Closets, Woodburning Fireplace",1040,"$1,040","2700 Martin Dr, Bedford, TX",https://dallas.craigslist.org/mdf/apa/d/bedford-resident-referral-program/7922607780.html,2026-04-18T06:24:04.441951,craigslist,,,"2700 Martin Dr, Bedford",Mid-Range,
"Laundry Facilities, Efficient Appliances, Refrigerator",920,$920,"4328 Duck Creek Dr, Garland, TX",https://dallas.craigslist.org/mdf/apa/d/garland-laundry-facilities-efficient/7926709129.html,2026-04-18T06:24:04.441991,craigslist,,,"4328 Duck Creek Dr, Garland",Mid-Range,
"Close to Downtown Dallas, Modern Finishes, Walk-in Rain Shower",1310,"$1,310","4211 San Jacinto St, Dallas, TX",https://dallas.craigslist.org/dal/apa/d/dallas-close-to-downtown-dallas-modern/7927812997.html,2026-04-18T06:24:04.442036,craigslist,,,"4211 San Jacinto St, Dallas",Premium,
1st month $599,1445,"$1,445","2333 Escalante Ave, Fort Worth, TX",https://dallas.craigslist.org/ftw/apa/d/fort-worth-1st-month-599/7927603548.html,2026-04-18T06:24:04.442074,craigslist,,,"2333 Escalante Ave, Fort Worth",Premium,
Available Now! Beautiful 1BR – Act Fast,999,$999,The Link Apartments,https://dallas.craigslist.org/dal/apa/d/dallas-available-now-beautiful-1br-act/7922012683.html,2026-04-18T06:24:04.442110,craigslist,1.0,,The Link Apartments,Mid-Range,999.0
"Playground, Short Term Lease, Laundry Facilities",909,$909,"9050 Markville Drive, Dallas, TX",https://dallas.craigslist.org/dal/apa/d/dallas-playground-short-term-lease/7922423627.html,2026-04-18T06:24:04.442149,craigslist,,,"9050 Markville Drive, Dallas",Mid-Range,
"EV Charging, Early Check-in Available, Dogs Welcome",1699,"$1,699","9020 Rasor Boulevard, Plano, TX",https://dallas.craigslist.org/ndf/apa/d/plano-ev-charging-early-check-in/7921216905.html,2026-04-18T06:24:04.442186,craigslist,,,"9020 Rasor Boulevard, Plano",Premium,
"Tile backsplash, Walk-in closet, Spacious floorplans",775,$775,"2501 Webb Chapel Ext, Dallas, TX",https://dallas.craigslist.org/ndf/apa/d/dallas-tile-backsplash-walk-in-closet/7922790063.html,2026-04-18T06:24:04.442224,craigslist,,,"2501 Webb Chapel Ext, Dallas",Budget,
"Situated in Dallas!, 1bd 1ba, Open-concept",1040,"$1,040","14000 Esperanza Road, Dallas, TX",https://dallas.craigslist.org/ndf/apa/d/dallas-situated-in-dallas-1bd-1ba-open/7925039705.html,2026-04-18T06:24:04.442273,craigslist,1.0,1.0,"14000 Esperanza Road, Dallas",Mid-Range,1040.0
EXCEPTIONAL LIVING + UP TO 8 WEEKS FREE,1452,"$1,452",NORTH FORT WORTH,https://dallas.craigslist.org/ftw/apa/d/keller-exceptional-living-up-to-weeks/7928493197.html,2026-04-18T06:24:04.442308,craigslist,,,North Fort Worth,Premium,
Taking Dynamic Living to the Next Level + Up to 4 WEEKS FREE,1879,"$1,879",Plano,https://dallas.craigslist.org/ndf/apa/d/plano-taking-dynamic-living-to-the-next/7928492070.html,2026-04-18T06:24:04.442346,craigslist,,,Plano,Premium,
Taking Dynamic Living to the Next Level,2046,"$2,046",Plano,https://dallas.craigslist.org/ndf/apa/d/plano-taking-dynamic-living-to-the-next/7928492920.html,2026-04-18T06:24:04.442382,craigslist,,,Plano,Luxury,
899! Move In Special! Come visit us Today!,1590,"$1,590","11457 Dennis Rd, Dallas, TX",https://dallas.craigslist.org/dal/apa/d/dallas-899-move-in-special-come-visit/7923770514.html,2026-04-18T06:24:04.442421,craigslist,,,"11457 Dennis Rd, Dallas",Premium,
"2 bed 2 bath, $1149, 1050 Sq Ft, $99 FIRST MONTH RENT SPECIAL",1149,"$1,149",fort worth,https://dallas.craigslist.org/ftw/apa/d/fort-worth-bed-bath-sq-ft-99-first/7925471742.html,2026-04-18T06:24:04.442458,craigslist,2.0,2.0,Fort Worth,Mid-Range,574.0
Newly Remodeled 4 Bed 2 Bath Home in Stephenville,2000,"$2,000",fort worth,https://dallas.craigslist.org/ftw/apa/d/stephenville-newly-remodeled-bed-bath/7928494127.html,2026-04-18T06:24:04.442494,craigslist,4.0,2.0,Fort Worth,Luxury,500.0
Tranquility. Comfort. Convenience. + Plano ISD + 2 Car Garage,2019,"$2,019",Dallas,https://dallas.craigslist.org/ndf/apa/d/dallas-tranquility-comfort-convenience/7928491718.html,2026-04-18T06:24:04.442532,craigslist,,,Dallas,Luxury,
Distinctly Yours ~ Amenities Galore ~ Near Downtown ~ Up to 6 Wks FREE,1975,"$1,975",Central Fort Worth,https://dallas.craigslist.org/ftw/apa/d/fort-worth-distinctly-yours-amenities/7920804752.html,2026-04-18T06:24:04.442569,craigslist,,,Central Fort Worth,Premium,
MODERN SOPHISTICATION ~ BRAND NEW W/ 10 WEEKS FREE! PARKING GARAGE,1750,"$1,750",West Lewisville/ Flower Mound,https://dallas.craigslist.org/ndf/apa/d/the-colony-modern-sophistication-brand/7926960952.html,2026-04-18T06:24:04.442605,craigslist,,,West Lewisville/ Flower Mound,Premium,
Phenomenal Location ~ Easy Access to Downtown ~ Month FREE,1517,"$1,517",Deep Ellum,https://dallas.craigslist.org/dal/apa/d/dallas-phenomenal-location-easy-access/7919956971.html,2026-04-18T06:24:04.442644,craigslist,,,Deep Ellum,Premium,
UP TO 6 WKS FREE! RESORT INSPIRED LIVING AT AN AMAZING PRICE,2597,"$2,597",Central Fort Worth,https://dallas.craigslist.org/ftw/apa/d/fort-worth-up-to-wks-free-resort/7925526993.html,2026-04-18T06:24:04.442680,craigslist,,,Central Fort Worth,Luxury,
EMBRACE EXCEPTIONAL TOWNHOME LIVING! UP TO 6 WKS FREE,3340,"$3,340",Downtown Ft Worth/ TCU,https://dallas.craigslist.org/ftw/apa/d/fort-worth-embrace-exceptional-townhome/7926960727.html,2026-04-18T06:24:04.442718,craigslist,,,Downtown Ft Worth/ Tcu,Luxury,
LUXURY SECOND CHANCE APARTMENT,2022,"$2,022",MCKINNEY,https://dallas.craigslist.org/ndf/apa/d/mckinney-luxury-second-chance-apartment/7925504164.html,2026-04-18T06:24:04.442755,craigslist,,,Mckinney,Luxury,
"Snazzy, Brand New w/ up to 10 Weeks FREE ~ Credit Issues -OK",1495,"$1,495",Lewisville,https://dallas.craigslist.org/ndf/apa/d/lewisville-snazzy-brand-new-up-to-10/7919958133.html,2026-04-18T06:24:04.442790,craigslist,,,Lewisville,Premium,
"Near Shopping, Dining & Entertainment! Up to 6 WKS FREE!",1610,"$1,610",Downtown Ft Worth/ TCU,https://dallas.craigslist.org/ftw/apa/d/fort-worth-near-shopping-dining/7925503857.html,2026-04-18T06:24:04.442826,craigslist,,,Downtown Ft Worth/ Tcu,Premium,
Life from a New View ~ Up to 6 WKS FREE!,1296,"$1,296",Downtown Ft Worth/ TCU,https://dallas.craigslist.org/ftw/apa/d/fort-worth-life-from-new-view-up-to-wks/7925526729.html,2026-04-18T06:24:04.442863,craigslist,,,Downtown Ft Worth/ Tcu,Premium,
Phenomenal Second Chance Luxury Apt ~ Month FREE,1236,"$1,236",MCKINNEY,https://dallas.craigslist.org/ndf/apa/d/mckinney-phenomenal-second-chance/7926961291.html,2026-04-18T06:24:04.442900,craigslist,,,Mckinney,Premium,
Superb Community Amenities ~ Second Chance ~ Month FREE,1904,"$1,904",MCKINNEY,https://dallas.craigslist.org/ndf/apa/d/mckinney-superb-community-amenities/7926960390.html,2026-04-18T06:24:04.442956,craigslist,,,Mckinney,Premium,
RESORT INSPIRED LIVING AT AN AMAZING PRICE ~ 6 WKS FREE,2328,"$2,328",Central Fort Worth,https://dallas.craigslist.org/ftw/apa/d/fort-worth-resort-inspired-living-at-an/7925527201.html,2026-04-18T06:24:04.442994,craigslist,,,Central Fort Worth,Luxury,
Luxury w/ Modern Convenience,1755,"$1,755",FRISCO,https://dallas.craigslist.org/ndf/apa/d/frisco-luxury-modern-convenience/7925527040.html,2026-04-18T06:24:04.443035,craigslist,,,Frisco,Premium,
BRAND NEW W/ 10 WKS FREE ~ TOWNHOME 2 ATT GAR,2736,"$2,736",MCKINNEY,https://dallas.craigslist.org/ndf/apa/d/mckinney-brand-new-10-wks-free-townhome/7926960193.html,2026-04-18T06:24:04.443072,craigslist,,,Mckinney,Luxury,
2018 - Live Beyond Your Expectations!,1155,"$1,155",FRISCO,https://dallas.craigslist.org/ndf/apa/d/frisco-live-beyond-your-expectations/7926959545.html,2026-04-18T06:24:04.443110,craigslist,,,Frisco,Mid-Range,
"Shopping, Dining & Entertainment! Second Chance Leasing ~ 6 Weeks FREE",1520,"$1,520",Downtown Ft Worth/ TCU,https://dallas.craigslist.org/ftw/apa/d/fort-worth-shopping-dining/7925504365.html,2026-04-18T06:24:04.443147,craigslist,,,Downtown Ft Worth/ Tcu,Premium,
Luxury Second Chance Apartment ~ Amenities Galore,1358,"$1,358",MCKINNEY,https://dallas.craigslist.org/ndf/apa/d/mckinney-luxury-second-chance-apartment/7925504083.html,2026-04-18T06:24:04.443182,craigslist,,,Mckinney,Premium,
EMBRACE EXCEPTIONAL LUXURY LIVING! UP TO 6 WKS FREE,2499,"$2,499",Downtown Ft Worth/ TCU,https://dallas.craigslist.org/ftw/apa/d/fort-worth-embrace-exceptional-luxury/7925526921.html,2026-04-18T06:24:04.443219,craigslist,,,Downtown Ft Worth/ Tcu,Luxury,
Live Beyond Your Expectations!,1095,"$1,095",FRISCO,https://dallas.craigslist.org/ndf/apa/d/frisco-live-beyond-your-expectations/7925504411.html,2026-04-18T06:24:04.443254,craigslist,,,Frisco,Mid-Range,
LUXURY SECOND CHANCE COMMUNITY!,1743,"$1,743",MCKINNEY,https://dallas.craigslist.org/ndf/apa/d/mckinney-luxury-second-chance-community/7926961176.html,2026-04-18T06:24:04.443290,craigslist,,,Mckinney,Premium,
The Art of Exceptional Living,1455,"$1,455",FRISCO,https://dallas.craigslist.org/ndf/apa/d/frisco-the-art-of-exceptional-living/7925526838.html,2026-04-18T06:24:04.443324,craigslist,,,Frisco,Premium,
Urban Elegance in a Highly Sought-After Spot! Up to 10 WEEKS FREE!,1660,"$1,660",West Lewisville/ Flower Mound,https://dallas.craigslist.org/ndf/apa/d/the-colony-urban-elegance-in-highly/7926959801.html,2026-04-18T06:24:04.443360,craigslist,,,West Lewisville/ Flower Mound,Premium,
"Situated in Bedford!, Picnic Area with BBQ Grills, 1/BD 1/BA",1125,"$1,125","bedford,TX",https://dallas.craigslist.org/mdf/apa/d/bedford-situated-in-bedford-picnic-area/7921165796.html,2026-04-18T06:24:04.443397,craigslist,,,Bedford,Mid-Range,
EMBRACE EXCEPTIONAL LIVING! Up to 6 WKS FREE,1841,"$1,841",Downtown Ft Worth/ TCU,https://dallas.craigslist.org/ftw/apa/d/fort-worth-embrace-exceptional-living/7925527104.html,2026-04-18T06:24:04.443433,craigslist,,,Downtown Ft Worth/ Tcu,Premium,
Step Up to a New Standard of Living ~ Second Chance Luxury ~Month FREE,1358,"$1,358",MCKINNEY,https://dallas.craigslist.org/ndf/apa/d/mckinney-step-up-to-new-standard-of/7926960516.html,2026-04-18T06:24:04.443470,craigslist,,,Mckinney,Premium,
Beyond Luxury: A Lifestyle Redefined -Up to 6 WEEKS FREE,1640,"$1,640",Downtown Ft Worth/ TCU,https://dallas.craigslist.org/ftw/apa/d/fort-worth-beyond-luxury-lifestyle/7925526601.html,2026-04-18T06:24:04.443505,craigslist,,,Downtown Ft Worth/ Tcu,Premium,
Month FREE! Step Up to a New Standard of Living~Second Chance Leasing,1179,"$1,179",MCKINNEY,https://dallas.craigslist.org/ndf/apa/d/mckinney-month-free-step-up-to-new/7925504311.html,2026-04-18T06:24:04.443541,craigslist,,,Mckinney,Mid-Range,
Discover the elevated lifestyle you deserve,1215,"$1,215",FRISCO,https://dallas.craigslist.org/ndf/apa/d/frisco-discover-the-elevated-lifestyle/7925526325.html,2026-04-18T06:24:04.443576,craigslist,,,Frisco,Premium,
LUXURY SECOND CHANCE COMMUNITY! AMENITIES GALORE!,1664,"$1,664",MCKINNEY,https://dallas.craigslist.org/ndf/apa/d/mckinney-luxury-second-chance-community/7926942720.html,2026-04-18T06:24:04.443612,craigslist,,,Mckinney,Premium,
"A must see within walking distance of DART, grocery stores, parks, fas",1490,"$1,490",north DFW,https://dallas.craigslist.org/ndf/apa/d/plano-must-see-within-walking-distance/7928493510.html,2026-04-18T06:24:04.443649,craigslist,,,North Dfw,Premium,
"Cozy 1 Bed 1 Bath Room w/ Game room in Denton, TX - $700/mo",700,$700,north DFW,https://dallas.craigslist.org/ndf/apa/d/denton-cozy-bed-bath-room-game-room-in/7928493375.html,2026-04-18T06:24:04.443684,craigslist,1.0,1.0,North Dfw,Budget,700.0
"Sleek, Trendy W/ Modern Finishes",3690,"$3,690",Uptown Dallas,https://dallas.craigslist.org/dal/apa/d/dallas-sleek-trendy-modern-finishes/7928493006.html,2026-04-18T06:24:04.443718,craigslist,,,Uptown Dallas,Luxury,
Boutique Apartment Community ~ up to 4 WEEKS FREE!,2150,"$2,150",Grapevine/ Roanoke/ Keller,https://dallas.craigslist.org/ftw/apa/d/roanoke-boutique-apartment-community-up/7928492945.html,2026-04-18T06:24:04.443753,craigslist,,,Grapevine/ Roanoke/ Keller,Luxury,
"1 BD, Dallas TX, Highland Lake",1075,"$1,075",The Link Apartments,https://dallas.craigslist.org/dal/apa/d/dallas-bd-dallas-tx-highland-lake/7927534089.html,2026-04-18T06:24:04.443787,craigslist,1.0,,The Link Apartments,Mid-Range,1075.0
LAKESIDE LIVING! LOCATION! LOCATION! LOCATION!,1499,"$1,499",North Dallas,https://dallas.craigslist.org/dal/apa/d/dallas-lakeside-living-location/7928492844.html,2026-04-18T06:24:04.443823,craigslist,,,North Dallas,Premium,
Modern Single Unit in,1490,"$1,490",north DFW,https://dallas.craigslist.org/ndf/apa/d/plano-modern-single-unit-in/7928493119.html,2026-04-18T06:24:04.443859,craigslist,,,North Dfw,Premium,
ONE-OF-A-KIND COMMUNITY! UP TO 6WEEKS FREE!,2496,"$2,496",THE COLONY,https://dallas.craigslist.org/ndf/apa/d/the-colony-one-of-kind-community-up-to/7928492827.html,2026-04-18T06:24:04.443895,craigslist,,,The Colony,Luxury,
EXCEPTIONAL ELEVATED LIVING! UP TO 6 WEEKS FREE!,1760,"$1,760",THE COLONY,https://dallas.craigslist.org/ndf/apa/d/the-colony-exceptional-elevated-living/7928492785.html,2026-04-18T06:24:04.443968,craigslist,,,The Colony,Premium,
UNMATCHED AMENITIES ~  UP TO 6 WEEKS FREE!,1966,"$1,966",THE COLONY,https://dallas.craigslist.org/ndf/apa/d/the-colony-unmatched-amenities-up-to/7928492728.html,2026-04-18T06:24:04.444006,craigslist,,,The Colony,Premium,
"Recycling, Covered Parking, Ceiling Fan",825,$825,"7610 Skillman St, Dallas, TX",https://dallas.craigslist.org/dal/apa/d/dallas-recycling-covered-parking/7927603324.html,2026-04-18T06:24:04.444041,craigslist,,,"7610 Skillman St, Dallas",Mid-Range,
Resort-Style Living! Your Ultimate Escape!,2066,"$2,066",Farmers Branch/Las Colinas/Coppell,https://dallas.craigslist.org/ndf/apa/d/dallas-resort-style-living-your/7928492655.html,2026-04-18T06:24:04.444076,craigslist,,,Farmers Branch/Las Colinas/Coppell,Luxury,
Modern 1 Bedroom 1 Bath Townhome Ready for Move-In!,1280,"$1,280","3130 Lombardy Ln, Dallas, TX",https://dallas.craigslist.org/ndf/apa/d/dallas-modern-bedroom-bath-townhome/7928492626.html,2026-04-18T06:24:04.444111,craigslist,1.0,1.0,"3130 Lombardy Ln, Dallas",Premium,1280.0
Your Ultimate Escape!,1508,"$1,508",Farmers Branch/Las Colinas/Coppell,https://dallas.craigslist.org/ndf/apa/d/dallas-your-ultimate-escape/7928492580.html,2026-04-18T06:24:04.444146,craigslist,,,Farmers Branch/Las Colinas/Coppell,Premium,
High Rise ~ It’s All at Your Fingertips ~ Up to 10 Weeks FREE,3565,"$3,565",Turtle Creek/ Dallas,https://dallas.craigslist.org/dal/apa/d/dallas-high-rise-its-all-at-your/7928492370.html,2026-04-18T06:24:04.444181,craigslist,,,Turtle Creek/ Dallas,Luxury,
DAZZLING HIGH-RISE ~ UP TO 10 WKS FREE,3087,"$3,087",Turtle Creek/ Dallas,https://dallas.craigslist.org/dal/apa/d/dallas-dazzling-high-rise-up-to-10-wks/7928492317.html,2026-04-18T06:24:04.444218,craigslist,,,Turtle Creek/ Dallas,Luxury,
"Complimentary Amazon HUB Parcel Locker, Spacious Closets, Clubhouse",1025,"$1,025","2801 Turnberry Dr, Arlington, TX",https://dallas.craigslist.org/mdf/apa/d/arlington-complimentary-amazon-hub/7925006719.html,2026-04-18T06:24:04.444255,craigslist,,,"2801 Turnberry Dr, Arlington",Mid-Range,
The Epitome of Modern Luxury ~ 6 Weeks FREE,2313,"$2,313",WEST VILLAGE/UPTOWN/DALLAS,https://dallas.craigslist.org/dal/apa/d/dallas-the-epitome-of-modern-luxury/7928492235.html,2026-04-18T06:24:04.444291,craigslist,,,West Village/Uptown/Dallas,Luxury,
24/7 CONCIERGE/ STUNNING DOWNTOWN VIEWS - 6 WEEKS FREE,3462,"$3,462",WEST VILLAGE/UPTOWN/DALLAS,https://dallas.craigslist.org/dal/apa/d/dallas-24-concierge-stunning-downtown/7928492179.html,2026-04-18T06:24:04.444327,craigslist,,,West Village/Uptown/Dallas,Luxury,
"Separate Dining Area, Online Service requests, 1bd 1ba",1040,"$1,040","14000 Esperanza Road, Dallas, TX",https://dallas.craigslist.org/ndf/apa/d/dallas-separate-dining-area-online/7925845873.html,2026-04-18T06:24:04.444364,craigslist,1.0,1.0,"14000 Esperanza Road, Dallas",Mid-Range,1040.0
THOUGHTFULLY DESIGNED ~ EVERY NEED ANTICIPATED!,4242,"$4,242",Uptown Dallas,https://dallas.craigslist.org/dal/apa/d/dallas-thoughtfully-designed-every-need/7928491950.html,2026-04-18T06:24:04.444401,craigslist,,,Uptown Dallas,Luxury,
"Cable ready, Ceiling fans, Window coverings",825,$825,"3565 Timberglen Rd, Dallas, TX",https://dallas.craigslist.org/ndf/apa/d/dallas-cable-ready-ceiling-fans-window/7922602527.html,2026-04-18T06:24:04.444435,craigslist,,,"3565 Timberglen Rd, Dallas",Mid-Range,
TIMELESS CHARM ~ ULTIMATE CONVENIENCE ~ UP TO 8 WKS FREE,1750,"$1,750",LEWISVILLE / THE COLONY / CARROLLTON,https://dallas.craigslist.org/ndf/apa/d/the-colony-timeless-charm-ultimate/7928489151.html,2026-04-18T06:24:04.444473,craigslist,,,Lewisville / The Colony / Carrollton,Premium,
"BBQ/Picnic Area, Air Conditioner, Pool",960,$960,"4328 Duck Creek Dr, Garland, TX",https://dallas.craigslist.org/mdf/apa/d/garland-bbq-picnic-area-air-conditioner/7926153937.html,2026-04-18T06:24:04.444511,craigslist,,,"4328 Duck Creek Dr, Garland",Mid-Range,
"Ceiling Fan, Window Coverings, Dishwasher",850,$850,"1400 Shady Ln, Bedford, TX",https://dallas.craigslist.org/mdf/apa/d/bedford-ceiling-fan-window-coverings/7927541236.html,2026-04-18T06:24:04.444547,craigslist,,,"1400 Shady Ln, Bedford",Mid-Range,
SENSATIONAL HIGH END INTERIOR FINISHES~MODERN CONVENIENCE! MONTH FREE,2465,"$2,465",MEDICAL DISTRICT / UPTOWN / OAK LAWN,https://dallas.craigslist.org/dal/apa/d/dallas-sensational-high-end-interior/7928488968.html,2026-04-18T06:24:04.444583,craigslist,,,Medical District / Uptown / Oak Lawn,Luxury,
"Rooftop Lounge – Vintage Building, Hardwood Floors, 1 Fitness Centers",1285,"$1,285","4123 San Jacinto St, Dallas, TX",https://dallas.craigslist.org/dal/apa/d/dallas-rooftop-lounge-vintage-building/7927821163.html,2026-04-18T06:24:04.444618,craigslist,,,"4123 San Jacinto St, Dallas",Premium,
"899!! ¡Especial de mudanza, ven a visitarnos!",1715,"$1,715","11457 Dennis Rd, Dallas, TX",https://dallas.craigslist.org/dal/apa/d/dallas-899-especial-de-mudanza-ven/7920265944.html,2026-04-18T06:24:04.444655,craigslist,,,"11457 Dennis Rd, Dallas",Premium,
House for rent,1400,"$1,400",Haltom City,https://dallas.craigslist.org/ftw/apa/d/haltom-city-house-for-rent/7926975077.html,2026-04-18T06:24:04.444691,craigslist,,,Haltom City,Premium,
AMAZING PRICE! The Lifestyle You Deserve ~ Plano ISD + 2 Car Garage,2019,"$2,019",Dallas,https://dallas.craigslist.org/ndf/apa/d/dallas-amazing-price-the-lifestyle-you/7928490308.html,2026-04-18T06:24:04.444727,craigslist,,,Dallas,Luxury,
Modern Indulgences ~ Intricate Details ~ Elegant Atmosphere,1955,"$1,955",North Richland Hills,https://dallas.craigslist.org/mdf/apa/d/north-richland-hills-modern-indulgences/7928490259.html,2026-04-18T06:24:04.444762,craigslist,,,North Richland Hills,Premium,
"Spacious Closets, Smoke-Free Buildings Available, Dishwasher",950,$950,"595 S Old Orchard Ln, Lewisville, TX",https://dallas.craigslist.org/ndf/apa/d/lewisville-spacious-closets-smoke-free/7922444670.html,2026-04-18T06:24:04.444798,craigslist,,,"595 S Old Orchard Ln, Lewisville",Mid-Range,
"Month-to-Month Flexibility - No Lease, No Deposit, No Long Commitment!",1689,"$1,689","380 W Lyndon B Johnson Fwy, Irving, TX",https://dallas.craigslist.org/ndf/apa/d/irving-month-to-month-flexibility-no/7927875940.html,2026-04-18T06:24:04.444834,craigslist,,,"380 W Lyndon B Johnson Fwy, Irving",Premium,
Comfort. Convenience. + Plano ISD + 2 Car Garage,2019,"$2,019",Dallas,https://dallas.craigslist.org/ndf/apa/d/dallas-comfort-convenience-plano-isd/7928490195.html,2026-04-18T06:24:04.444869,craigslist,,,Dallas,Luxury,
SENSATIONAL HIGH END INTERIOR FINISHES~MODERN CONVENIENCE! MONTH FREE,1400,"$1,400",MEDICAL DISTRICT / UPTOWN / OAK LAWN,https://dallas.craigslist.org/dal/apa/d/dallas-sensational-high-end-interior/7928487280.html,2026-04-18T06:24:04.444903,craigslist,,,Medical District / Uptown / Oak Lawn,Premium,
The Height of Refined Living ~ Luxury Second Chance Leasing,1898,"$1,898",North Richland Hills,https://dallas.craigslist.org/mdf/apa/d/north-richland-hills-the-height-of/7928489999.html,2026-04-18T06:24:04.444960,craigslist,,,North Richland Hills,Premium,
"1BD 1BA, Business Center, Digital Room Key",1699,"$1,699","9020 Rasor Boulevard, Plano, TX",https://dallas.craigslist.org/ndf/apa/d/plano-1bd-1ba-business-center-digital/7927474248.html,2026-04-18T06:24:04.445033,craigslist,1.0,1.0,"9020 Rasor Boulevard, Plano",Premium,1699.0
Discover the Luxury of Location,2125,"$2,125",Uptown/ Oaklawn/ Highland Park,https://dallas.craigslist.org/dal/apa/d/dallas-discover-the-luxury-of-location/7928489675.html,2026-04-18T06:24:04.445073,craigslist,,,Uptown/ Oaklawn/ Highland Park,Luxury,
"Get Exactly What You Want - Weekly Rates, No Deposit!",399,$399,"6801 K Ave, Plano, TX",https://dallas.craigslist.org/ndf/apa/d/plano-get-exactly-what-you-want-weekly/7921852120.html,2026-04-18T06:24:04.445110,craigslist,,,"6801 K Ave, Plano",Budget,
Discover the Exceptional ~ Live Where the Action Is,2270,"$2,270",Turtle Creek/ Dallas,https://dallas.craigslist.org/dal/apa/d/dallas-discover-the-exceptional-live/7928489495.html,2026-04-18T06:24:04.445147,craigslist,,,Turtle Creek/ Dallas,Luxury,
"Hurry! Only 5 Units Left - No Deposit, No Lease",1507,"$1,507","12745 N Fwy, Fort Worth, TX",https://dallas.craigslist.org/ftw/apa/d/fort-worth-hurry-only-units-left-no/7927527986.html,2026-04-18T06:24:04.445182,craigslist,,,"12745 N Fwy, Fort Worth",Premium,
STUNNING HISTORIC ELEGANCE W/ UP TO 6 WEEKS FREE,3316,"$3,316",Uptown/ Oaklawn/ Highland Park,https://dallas.craigslist.org/dal/apa/d/dallas-stunning-historic-elegance-up-to/7928489272.html,2026-04-18T06:24:04.445218,craigslist,,,Uptown/ Oaklawn/ Highland Park,Luxury,
SUNLIT SPACES ~ HIGHLY DESIRED LOCATION,1280,"$1,280",Las Colinas/ Valley Ranch/ Coppell,https://dallas.craigslist.org/mdf/apa/d/irving-sunlit-spaces-highly-desired/7928489023.html,2026-04-18T06:24:04.445252,craigslist,,,Las Colinas/ Valley Ranch/ Coppell,Premium,
PEACEFUL RETREAT ~ PREMIER NEIGHBORHOOD,1260,"$1,260",Las Colinas/ Valley Ranch/ Coppell,https://dallas.craigslist.org/mdf/apa/d/irving-peaceful-retreat-premier/7928489000.html,2026-04-18T06:24:04.445287,craigslist,,,Las Colinas/ Valley Ranch/ Coppell,Premium,
1st month only $599,1300,"$1,300","2333 Escalante Ave, Fort Worth, TX",https://dallas.craigslist.org/ftw/apa/d/fort-worth-1st-month-only-599/7927596423.html,2026-04-18T06:24:04.445323,craigslist,,,"2333 Escalante Ave, Fort Worth",Premium,
"Energy-Efficient Appliances, Gated Community, Public Transportation",999,$999,"6603 E Lovers Ln, Dallas, TX",https://dallas.craigslist.org/dal/apa/d/dallas-energy-efficient-appliances/7925130643.html,2026-04-18T06:24:04.445359,craigslist,,,"6603 E Lovers Ln, Dallas",Mid-Range,
"Range, Controlled Access, Recycling",1097,"$1,097","7310 Marvin D. Love Fwy, Dallas, TX",https://dallas.craigslist.org/dal/apa/d/dallas-range-controlled-access-recycling/7926710533.html,2026-04-18T06:24:04.445395,craigslist,,,"7310 Marvin D. Love Fwy, Dallas",Mid-Range,
"Jogging Trails ~Walk to Bath House Cultural Center, & Dallas Arboretum",1738,"$1,738",White Rock Lake/ Tenison Park/ Dallas,https://dallas.craigslist.org/dal/apa/d/dallas-jogging-trails-walk-to-bath/7928488905.html,2026-04-18T06:24:04.445453,craigslist,,,White Rock Lake/ Tenison Park/ Dallas,Premium,
"Close to Freeway, Cable Ready, Fireplace",825,$825,"7610 Skillman St, Dallas, TX",https://dallas.craigslist.org/dal/apa/d/dallas-close-to-freeway-cable-ready/7928488891.html,2026-04-18T06:24:04.445492,craigslist,,,"7610 Skillman St, Dallas",Mid-Range,
"JOGGING TRAIL, PARK, BEAUTIFUL CANAL VIEWS",2050,"$2,050",Las Colinas/ Valley Ranch/ Coppell,https://dallas.craigslist.org/mdf/apa/d/irving-jogging-trail-park-beautiful/7928488808.html,2026-04-18T06:24:04.445530,craigslist,,,Las Colinas/ Valley Ranch/ Coppell,Luxury,
"Floor to Ceiling Windows, Heated Pool",2244,"$2,244",North Dallas,https://dallas.craigslist.org/dal/apa/d/dallas-floor-to-ceiling-windows-heated/7928488766.html,2026-04-18T06:24:04.445578,craigslist,,,North Dallas,Luxury,
"Spacious, w/d connections, assigned covered parking, fireplace & more!",1350,"$1,350",Lake Highlands,https://dallas.craigslist.org/dal/apa/d/dallas-spacious-d-connections-assigned/7928488762.html,2026-04-18T06:24:04.445615,craigslist,,,Lake Highlands,Premium,
SOUGHT AFTER LOCATION ~ LUXE AMENITIES,1296,"$1,296",Grapevine/ Roanoke/ Keller,https://dallas.craigslist.org/ftw/apa/d/fort-worth-sought-after-location-luxe/7928488704.html,2026-04-18T06:24:04.445651,craigslist,,,Grapevine/ Roanoke/ Keller,Premium,
SOUGHT AFTER LOCATION ~ LUXE AMENITIES + NORTHWEST ISD,1425,"$1,425",Grapevine/ Roanoke/ Keller,https://dallas.craigslist.org/ftw/apa/d/fort-worth-sought-after-location-luxe/7928488663.html,2026-04-18T06:24:04.445688,craigslist,,,Grapevine/ Roanoke/ Keller,Premium,
"Refrigerator, Near Public Transportation, Electronic Thermostat",1130,"$1,130","1455 N. Perry Rd, Carrollton, TX",https://dallas.craigslist.org/ndf/apa/d/carrollton-refrigerator-near-public/7925129396.html,2026-04-18T06:24:04.445723,craigslist,,,"1455 N. Perry Rd, Carrollton",Mid-Range,
TIMELESS CHARM ~ ULTIMATE CONVENIENCE,2290,"$2,290",DALLAS/WEST VILLAGE,https://dallas.craigslist.org/dal/apa/d/dallas-timeless-charm-ultimate/7928488591.html,2026-04-18T06:24:04.445758,craigslist,,,Dallas/West Village,Luxury,
"Updated Interiors, BBQ/Picnic Area, Washer/Dryer Connections",1445,"$1,445","2333 Escalante Ave, Fort Worth, TX",https://dallas.craigslist.org/ftw/apa/d/fort-worth-updated-interiors-bbq-picnic/7928488557.html,2026-04-18T06:24:04.445795,craigslist,,,"2333 Escalante Ave, Fort Worth",Premium,
LUXURY LIVING ~ PRESTIGIOUS SETTING,2487,"$2,487",Dallas,https://dallas.craigslist.org/dal/apa/d/dallas-luxury-living-prestigious-setting/7928488537.html,2026-04-18T06:24:04.445830,craigslist,,,Dallas,Luxury,
Chic Dallas Uptown Living!,2447,"$2,447",DALLAS/WEST VILLAGE,https://dallas.craigslist.org/dal/apa/d/dallas-chic-dallas-uptown-living/7928488490.html,2026-04-18T06:24:04.445865,craigslist,,,Dallas/West Village,Luxury,
"Onsite management, Laundry facility, Heat included",700,$700,"14018 Brookgreen Drive, Dallas, TX",https://dallas.craigslist.org/ndf/apa/d/dallas-onsite-management-laundry/7926727892.html,2026-04-18T06:24:04.445901,craigslist,,,"14018 Brookgreen Drive, Dallas",Budget,
LUXURY LIVING ~ PRESTIGIOUS SETTING W/ UP TO 6 WEEKS FREE,3903,"$3,903",Uptown/ Oaklawn/ Highland Park,https://dallas.craigslist.org/dal/apa/d/dallas-luxury-living-prestigious/7928488351.html,2026-04-18T06:24:04.445938,craigslist,,,Uptown/ Oaklawn/ Highland Park,Luxury,
"Flat Screen TVs, Elevator, Microwave",291,$291,north DFW,https://dallas.craigslist.org/ndf/apa/d/dallas-flat-screen-tvs-elevator/7926259122.html,2026-04-18T06:24:04.445975,craigslist,,,North Dfw,Budget,
WESTERN CHARM ~ LUXE AMENITIES - MONTH FREE,1225,"$1,225",Grapevine/ Roanoke/ Keller,https://dallas.craigslist.org/ftw/apa/d/fort-worth-western-charm-luxe-amenities/7928488167.html,2026-04-18T06:24:04.446012,craigslist,,,Grapevine/ Roanoke/ Keller,Premium,
"1 BD, Pet Waste Stations, Patio or Balcony",949,$949,"350 Shady Ln Dr, Fort Worth, TX",https://dallas.craigslist.org/ftw/apa/d/fort-worth-bd-pet-waste-stations-patio/7923058885.html,2026-04-18T06:24:04.446048,craigslist,1.0,,"350 Shady Ln Dr, Fort Worth",Mid-Range,949.0
Unbeatable Ambiance ~ Floor to Ceiling Windows,3020,"$3,020",Dallas,https://dallas.craigslist.org/dal/apa/d/dallas-unbeatable-ambiance-floor-to/7928488055.html,2026-04-18T06:24:04.446085,craigslist,,,Dallas,Luxury,
"Walk to Trendy Bars, Restaurants, & the Dallas Museum of Art",3466,"$3,466",Dallas,https://dallas.craigslist.org/dal/apa/d/dallas-walk-to-trendy-bars-restaurants/7928487971.html,2026-04-18T06:24:04.446121,craigslist,,,Dallas,Luxury,
"Disability access, Window coverings, 1/bd 1/ba",775,$775,"2501 Webb Chapel Ext, Dallas, TX",https://dallas.craigslist.org/ndf/apa/d/dallas-disability-access-window/7923188216.html,2026-04-18T06:24:04.446159,craigslist,,,"2501 Webb Chapel Ext, Dallas",Budget,
VICTORY PARK HI RISE W/ CONCIERGE AND HEATED POOL,2938,"$2,938",Dallas,https://dallas.craigslist.org/dal/apa/d/dallas-victory-park-hi-rise-concierge/7928487920.html,2026-04-18T06:24:04.446197,craigslist,,,Dallas,Luxury,
Elevate Your LifeSTYLE ~ Floor to Ceiling Windows ~ Up to 6 WEEKS FREE,1840,"$1,840",North Dallas,https://dallas.craigslist.org/dal/apa/d/dallas-elevate-your-lifestyle-floor-to/7928487775.html,2026-04-18T06:24:04.446235,craigslist,,,North Dallas,Premium,
SERENE SOPHISTICATION ~ COVETED ADDRESS,1600,"$1,600",Las Colinas/ Valley Ranch/ Coppell,https://dallas.craigslist.org/mdf/apa/d/irving-serene-sophistication-coveted/7928487713.html,2026-04-18T06:24:04.446273,craigslist,,,Las Colinas/ Valley Ranch/ Coppell,Premium,
"Skyline Views, Heated Pool ~ Up to 6 WEEKS FREE!",1718,"$1,718",North Dallas,https://dallas.craigslist.org/dal/apa/d/dallas-skyline-views-heated-pool-up-to/7928487663.html,2026-04-18T06:24:04.446309,craigslist,,,North Dallas,Premium,
"Breakfast bar, spacious living room and bedrooms, w/d connections!",1375,"$1,375",Lake Highlands,https://dallas.craigslist.org/dal/apa/d/dallas-breakfast-bar-spacious-living/7926973943.html,2026-04-18T06:24:04.446347,craigslist,,,Lake Highlands,Premium,
Residences with Perspective ~ Credit issues-ok - Second Chance,2050,"$2,050",Las Colinas/ Valley Ranch/ Coppell,https://dallas.craigslist.org/mdf/apa/d/irving-residences-with-perspective/7928487506.html,2026-04-18T06:24:04.446384,craigslist,,,Las Colinas/ Valley Ranch/ Coppell,Luxury,
Ready to lease! 2 bed 2 bath home. Check us out!,1499,"$1,499",Dallas - Dallas,https://dallas.craigslist.org/dal/apa/d/balch-springs-ready-to-lease-bed-bath/7926704067.html,2026-04-18T06:24:04.446420,craigslist,2.0,2.0,Dallas - Dallas,Premium,750.0
"Ceiling Fans, Online Resident Portal, Pet-friendly",1145,"$1,145",north DFW,https://dallas.craigslist.org/ndf/apa/d/rockwall-ceiling-fans-online-resident/7922400547.html,2026-04-18T06:24:04.446456,craigslist,,,North Dfw,Mid-Range,
2 level 1 bedroom Townhome ready for move-in Call to schedule a  tour!,1285,"$1,285","3130 Lombardy Ln, Dallas, TX",https://dallas.craigslist.org/ndf/apa/d/dallas-level-bedroom-townhome-ready-for/7928035222.html,2026-04-18T06:24:04.446494,craigslist,1.0,,"3130 Lombardy Ln, Dallas",Premium,1285.0
"W/D Hookup, Fireplace, Walk-In Closet",825,$825,"7610 Skillman St, Dallas, TX",https://dallas.craigslist.org/dal/apa/d/dallas-d-hookup-fireplace-walk-in-closet/7927189470.html,2026-04-18T06:24:04.446531,craigslist,,,"7610 Skillman St, Dallas",Mid-Range,
"1/bd 1/ba, Situated in Bedford!, On-Site Management Team",1125,"$1,125","bedford,TX",https://dallas.craigslist.org/mdf/apa/d/bedford-bd-ba-situated-in-bedford-on/7920735498.html,2026-04-18T06:24:04.446569,craigslist,,,Bedford,Mid-Range,
"24-Hour On Call Emergency Maintenance, Soaking Tubs, Spacious Closets",1480,"$1,480","2801 Turnberry Dr, Arlington, TX",https://dallas.craigslist.org/mdf/apa/d/arlington-24-hour-on-call-emergency/7926597898.html,2026-04-18T06:24:04.446604,craigslist,,,"2801 Turnberry Dr, Arlington",Premium,
"Short-Term Stay, Long-Term Comfort - Special Offer!",1399,"$1,399","4505 N Interstate 35, Denton, TX",https://dallas.craigslist.org/ndf/apa/d/denton-short-term-stay-long-term/7926597277.html,2026-04-18T06:24:04.446643,craigslist,,,"4505 N Interstate 35, Denton",Premium,
Ready to Move? Ventana Ridge Offers Specials + $20 Gas Gift Cards!,1285,"$1,285","3130 Lombardy Ln, Dallas, TX",https://dallas.craigslist.org/ndf/apa/d/dallas-ready-to-move-ventana-ridge/7928485957.html,2026-04-18T06:24:04.446682,craigslist,,,"3130 Lombardy Ln, Dallas",Premium,
"Dive into Dallas's vibe! Perfect 1 bed, 1 bath location.",1150,"$1,150",Dallas,https://dallas.craigslist.org/dal/apa/d/dallas-dive-into-dallass-vibe-perfect/7926040042.html,2026-04-18T06:24:04.446718,craigslist,1.0,1.0,Dallas,Mid-Range,1150.0
Ideal location! Close to everything! 1 bed / 1 bath! 684 Sqft!,1540,"$1,540",Dallas,https://dallas.craigslist.org/dal/apa/d/dallas-ideal-location-close-to/7925231570.html,2026-04-18T06:24:04.446756,craigslist,1.0,1.0,Dallas,Premium,1540.0
Charming 3 Bedroom – Stylish & City Living,1499,"$1,499",The Link Apartments,https://dallas.craigslist.org/dal/apa/d/dallas-charming-bedroom-stylish-city/7922031882.html,2026-04-18T06:24:04.446797,craigslist,3.0,,The Link Apartments,Premium,500.0
"On-Site Maintenance, Refrigerator, Playground",945,$945,"4328 Duck Creek Dr, Garland, TX",https://dallas.craigslist.org/mdf/apa/d/garland-on-site-maintenance/7921968326.html,2026-04-18T06:24:04.446839,craigslist,,,"4328 Duck Creek Dr, Garland",Mid-Range,
"Spacious Closets, Resident Referral Program, Private Balcony or Patio",930,$930,"2700 Martin Dr, Bedford, TX",https://dallas.craigslist.org/mdf/apa/d/bedford-spacious-closets-resident/7925463722.html,2026-04-18T06:24:04.446876,craigslist,,,"2700 Martin Dr, Bedford",Mid-Range,
APPLY TODAY $25 APPLICATION / $599 1ST MONTH,1200,"$1,200","2333 Escalante Ave, Fort Worth, TX",https://dallas.craigslist.org/ftw/apa/d/fort-worth-apply-today-25-application/7928035213.html,2026-04-18T06:24:04.446913,craigslist,,,"2333 Escalante Ave, Fort Worth",Premium,
"Dog Park, Wi-Fi at Pool and Clubhouse, Laundry Facilities",1374,"$1,374","9050 Markville Drive, Dallas, TX",https://dallas.craigslist.org/dal/apa/d/dallas-dog-park-wi-fi-at-pool-and/7926247723.html,2026-04-18T06:24:04.446993,craigslist,,,"9050 Markville Drive, Dallas",Premium,
"Snuggle up with FIDO in our charming 1 bd, 1 ba! We're pet-friendly!",795,$795,Fort Worth,https://dallas.craigslist.org/ftw/apa/d/fort-worth-snuggle-up-with-fido-in-our/7927984897.html,2026-04-18T06:24:04.447054,craigslist,1.0,1.0,Fort Worth,Budget,795.0
"A Dallas gem! 2 bed, 1 bath in the city's best spot.",1915,"$1,915",Dallas,https://dallas.craigslist.org/dal/apa/d/dallas-dallas-gem-bed-bath-in-the-citys/7926472499.html,2026-04-18T06:24:04.447098,craigslist,2.0,1.0,Dallas,Premium,958.0
Picturesque views - right outside your window! Visit today!,1124,"$1,124",Dallas,https://dallas.craigslist.org/dal/apa/d/dallas-picturesque-views-right-outside/7926472462.html,2026-04-18T06:24:04.447137,craigslist,,,Dallas,Mid-Range,
Your dog or cat is welcome! Amazing pet-friendly 1 BR / 1 BA!,1124,"$1,124",Dallas,https://dallas.craigslist.org/dal/apa/d/dallas-your-dog-or-cat-is-welcome/7927435208.html,2026-04-18T06:24:04.447188,craigslist,1.0,1.0,Dallas,Mid-Range,1124.0
2 Bed / 1 Bath. We welcome your pets! Ask about our pet policy!,1384,"$1,384",Dallas,https://dallas.craigslist.org/dal/apa/d/dallas-bed-bath-we-welcome-your-pets/7927435188.html,2026-04-18T06:24:04.447227,craigslist,2.0,1.0,Dallas,Premium,692.0
"Online Payments Available, Pool, Close to Airport",825,$825,"7610 Skillman St, Dallas, TX",https://dallas.craigslist.org/dal/apa/d/dallas-online-payments-available-pool/7928483719.html,2026-04-18T06:24:04.447266,craigslist,,,"7610 Skillman St, Dallas",Mid-Range,
"1 BD, Situated in Dallas!, Open-concept",825,$825,"3565 Timberglen Rd, Dallas, TX",https://dallas.craigslist.org/ndf/apa/d/dallas-bd-situated-in-dallas-open/7923022708.html,2026-04-18T06:24:04.447318,craigslist,1.0,,"3565 Timberglen Rd, Dallas",Mid-Range,825.0
"Spacious, w/d connections, assigned covered parking, fireplace & more",1350,"$1,350",Lake Highlands,https://dallas.craigslist.org/dal/apa/d/dallas-spacious-d-connections-assigned/7928483537.html,2026-04-18T06:24:04.447356,craigslist,,,Lake Highlands,Premium,
ST PATRICK'S SPECIAL!! $0 DEPOSIT,1310,"$1,310",EAST DALLAS,https://dallas.craigslist.org/dal/apa/d/dallas-st-patricks-special-deposit/7919388267.html,2026-04-18T06:24:04.447395,craigslist,,,East Dallas,Premium,
"Dog Park, Wi-Fi At Pool And Clubhouse, Fitness Center",1474,"$1,474","248 E Southwest Pkwy, Lewisville, TX",https://dallas.craigslist.org/ndf/apa/d/lewisville-dog-park-wi-fi-at-pool-and/7926868002.html,2026-04-18T06:24:04.447434,craigslist,,,"248 E Southwest Pkwy, Lewisville",Premium,
"Patio/Balcony, Playground, Covered Parking",1300,"$1,300","2333 Escalante Ave, Fort Worth, TX",https://dallas.craigslist.org/ftw/apa/d/fort-worth-patio-balcony-playground/7928483334.html,2026-04-18T06:24:04.447485,craigslist,,,"2333 Escalante Ave, Fort Worth",Premium,
"Quality 2 bed, 2 bath with the amenities you desire! 1032 Sq Feet!",1390,"$1,390",Dallas,https://dallas.craigslist.org/dal/apa/d/dallas-quality-bed-bath-with-the/7926682335.html,2026-04-18T06:24:04.447532,craigslist,2.0,2.0,Dallas,Premium,695.0
"Rest and relax in our tranquil 1 bed, 1 bath in Dallas",1445,"$1,445",Dallas,https://dallas.craigslist.org/dal/apa/d/dallas-rest-and-relax-in-our-tranquil/7926682084.html,2026-04-18T06:24:04.447573,craigslist,1.0,1.0,Dallas,Premium,1445.0
Luxurious 1 bed / 1 bath available with convenient washer & dryer,704,$704,Dallas - Frasier Dam Park Trails,https://dallas.craigslist.org/dal/apa/d/dallas-luxurious-bed-bath-available/7926404209.html,2026-04-18T06:24:04.447625,craigslist,1.0,1.0,Dallas - Frasier Dam Park Trails,Budget,704.0
"Unmatched design, unparalleled comfort: Your dream 1 BR is here.",824,$824,Dallas - Frasier Dam Park Trails,https://dallas.craigslist.org/dal/apa/d/dallas-unmatched-design-unparalleled/7926404041.html,2026-04-18T06:24:04.447664,craigslist,1.0,,Dallas - Frasier Dam Park Trails,Mid-Range,824.0
Fully equipped kitchen includes convenient trash compactor,2455,"$2,455",Dallas,https://dallas.craigslist.org/dal/apa/d/dallas-fully-equipped-kitchen-includes/7927543603.html,2026-04-18T06:24:04.447706,craigslist,,,Dallas,Luxury,
Wow! This 1 Bedroom is simply stunning! Visit today! 632 Sq Ft!,1150,"$1,150",Dallas,https://dallas.craigslist.org/dal/apa/d/dallas-wow-this-bedroom-is-simply/7927543635.html,2026-04-18T06:24:04.447746,craigslist,1.0,,Dallas,Mid-Range,1150.0
"Close to shopping, Spacious floorplans, Open-concept",1040,"$1,040","14000 Esperanza Road, Dallas, TX",https://dallas.craigslist.org/ndf/apa/d/dallas-close-to-shopping-spacious/7926724191.html,2026-04-18T06:24:04.447786,craigslist,,,"14000 Esperanza Road, Dallas",Mid-Range,
April Special!!,1310,"$1,310","4211 San Jacinto St, Dallas, TX",https://dallas.craigslist.org/dal/apa/d/dallas-april-special/7928482765.html,2026-04-18T06:24:04.447826,craigslist,,,"4211 San Jacinto St, Dallas",Premium,
"Let us help you find your next home! Check out this 1 bed, 1 bath!",874,$874,Fort Worth,https://dallas.craigslist.org/ftw/apa/d/arlington-let-us-help-you-find-your/7925044155.html,2026-04-18T06:24:04.447865,craigslist,1.0,1.0,Fort Worth,Mid-Range,874.0
Unleash boundless possibilities: Your dream 1 BR is just a call away.,998,$998,Fort Worth,https://dallas.craigslist.org/ftw/apa/d/arlington-unleash-boundless/7926432744.html,2026-04-18T06:24:04.447902,craigslist,1.0,,Fort Worth,Mid-Range,998.0
You will love the Renaissance at River Oaks,1300,"$1,300","Houston, TX",https://dallas.craigslist.org/dal/apa/d/houston-you-will-love-the-renaissance/7921562112.html,2026-04-18T06:24:04.447955,craigslist,,,Houston,Premium,
"Free Parking, Dogs Welcome, Business Center",1699,"$1,699","9020 Rasor Boulevard, Plano, TX",https://dallas.craigslist.org/ndf/apa/d/plano-free-parking-dogs-welcome/7923266474.html,2026-04-18T06:24:04.447997,craigslist,,,"9020 Rasor Boulevard, Plano",Premium,
"Your Ideal Stay - Affordable Monthly Rates, No Deposit Needed!",1539,"$1,539","3401 N Central Expy N, McKinney, TX",https://dallas.craigslist.org/ndf/apa/d/mckinney-your-ideal-stay-affordable/7927921713.html,2026-04-18T06:24:04.448037,craigslist,,,"3401 N Central Expy N, Mckinney",Premium,
"Prime Location, Gated Commnunity!!",1075,"$1,075",The Link Apartments!!,https://dallas.craigslist.org/dal/apa/d/dallas-prime-location-gated-commnunity/7926628142.html,2026-04-18T06:24:04.448076,craigslist,,,The Link Apartments!!,Mid-Range,
You will love this 2 bed / 2 bath. A Higher Quality of Living!,1175,"$1,175",Dallas - Dallas,https://dallas.craigslist.org/dal/apa/d/balch-springs-you-will-love-this-bed/7927901264.html,2026-04-18T06:24:04.448114,craigslist,2.0,2.0,Dallas - Dallas,Mid-Range,588.0
"Amplio espacio verde, vestidor, apto para bicicletas",1275,"$1,275","11457 Dennis Rd, Dallas, TX",https://dallas.craigslist.org/dal/apa/d/dallas-amplio-espacio-verde-vestidor/7922425992.html,2026-04-18T06:24:04.448152,craigslist,,,"11457 Dennis Rd, Dallas",Premium,
HOME FOR SALE! #182,1850,"$1,850",SOUTHFORK DENTON,https://dallas.craigslist.org/ndf/apa/d/denton-home-for-sale-182/7926487469.html,2026-04-18T06:24:04.448192,craigslist,,,Southfork Denton,Premium,
HOME FOR SALE/RENT! #370,2000,"$2,000",REDWOOD AT THE LAKE,https://dallas.craigslist.org/ndf/apa/d/wylie-home-for-sale-rent-370/7926422838.html,2026-04-18T06:24:04.448227,craigslist,,,Redwood At The Lake,Luxury,
HOME FOR SALE/RENT! #319,1950,"$1,950",REDWOOD AT THE LAKE,https://dallas.craigslist.org/ndf/apa/d/wylie-home-for-sale-rent-319/7926421504.html,2026-04-18T06:24:04.448265,craigslist,,,Redwood At The Lake,Premium,
HOME FOR SALE/RENT! #380,2250,"$2,250",REDWOOD AT THE LAKE,https://dallas.craigslist.org/ndf/apa/d/wylie-home-for-sale-rent-380/7926422312.html,2026-04-18T06:24:04.448301,craigslist,,,Redwood At The Lake,Luxury,
HOME FOR SALE/RENT! #207,1900,"$1,900",REDWOOD AT THE LAKE,https://dallas.craigslist.org/ndf/apa/d/wylie-home-for-sale-rent-207/7926420712.html,2026-04-18T06:24:04.448340,craigslist,,,Redwood At The Lake,Premium,
HOME FOR RENT!,1750,"$1,750",north DFW,https://dallas.craigslist.org/ndf/apa/d/denton-home-for-rent/7923291361.html,2026-04-18T06:24:04.448379,craigslist,,,North Dfw,Premium,
HOME FOR RENT!,1490,"$1,490",north DFW,https://dallas.craigslist.org/ndf/apa/d/denton-home-for-rent/7923290240.html,2026-04-18T06:24:04.448419,craigslist,,,North Dfw,Premium,
HOME FOR SALE/RENT! #2,1799,"$1,799",DENTON FALLS,https://dallas.craigslist.org/ndf/apa/d/denton-home-for-sale-rent/7926683766.html,2026-04-18T06:24:04.448458,craigslist,,,Denton Falls,Premium,
HOME FOR RENT! #182,1850,"$1,850",SOUTHFORK DENTON,https://dallas.craigslist.org/ndf/apa/d/denton-home-for-rent-182/7926704903.html,2026-04-18T06:24:04.448497,craigslist,,,Southfork Denton,Premium,
HOME FOR SALE/RENT! #352,2050,"$2,050",REDWOOD AT THE LAKE,https://dallas.craigslist.org/ndf/apa/d/wylie-home-for-sale-rent-352/7926423305.html,2026-04-18T06:24:04.448534,craigslist,,,Redwood At The Lake,Luxury,
Move-In Special Alert — Ventana Ridge Apartments + Gas Card Promo!,1195,"$1,195",Luis Castro,https://dallas.craigslist.org/ndf/apa/d/dallas-move-in-special-alert-ventana/7928480059.html,2026-04-18T06:24:04.448576,craigslist,,,Luis Castro,Mid-Range,
"2 bed 2 bath, $1149 1050 sq ft. $99 FIRST MONTHS RENT SPECIAL",1149,"$1,149",fort worth,https://dallas.craigslist.org/ftw/apa/d/fort-worth-bed-bath-sq-ft-99-first/7925447513.html,2026-04-18T06:24:04.448616,craigslist,2.0,2.0,Fort Worth,Mid-Range,574.0
"Air Conditioner, Recycling, Stainless Steel Appliances",825,$825,"7610 Skillman St, Dallas, TX",https://dallas.craigslist.org/dal/apa/d/dallas-air-conditioner-recycling/7928029869.html,2026-04-18T06:24:04.448653,craigslist,,,"7610 Skillman St, Dallas",Mid-Range,
"Onsite management, Air conditioning, Close to schools",1040,"$1,040","14000 Esperanza Road, Dallas, TX",https://dallas.craigslist.org/ndf/apa/d/dallas-onsite-management-air/7926280353.html,2026-04-18T06:24:04.448691,craigslist,,,"14000 Esperanza Road, Dallas",Mid-Range,
"In Dallas, High speed internet access, 1BD 1BA",775,$775,"2501 Webb Chapel Ext, Dallas, TX",https://dallas.craigslist.org/ndf/apa/d/dallas-in-dallas-high-speed-internet/7923906598.html,2026-04-18T06:24:04.448731,craigslist,1.0,1.0,"2501 Webb Chapel Ext, Dallas",Budget,775.0
"Fabulous 629 sq ft 1 bed, 1 bath in sought-after Dallas area",1050,"$1,050",Dallas,https://dallas.craigslist.org/dal/apa/d/dallas-fabulous-629-sq-ft-bed-bath-in/7925230927.html,2026-04-18T06:24:04.448771,craigslist,1.0,1.0,Dallas,Mid-Range,1050.0
"Settle in, Spread Out: Find Your Happy Place!",1050,"$1,050",Dallas,https://dallas.craigslist.org/dal/apa/d/dallas-settle-in-spread-out-find-your/7926026634.html,2026-04-18T06:24:04.448811,craigslist,,,Dallas,Mid-Range,
"Window Coverings, W/D Hookup, Electronic Thermostat",995,$995,"1400 Shady Ln, Bedford, TX",https://dallas.craigslist.org/mdf/apa/d/bedford-window-coverings-d-hookup/7926262643.html,2026-04-18T06:24:04.448863,craigslist,,,"1400 Shady Ln, Bedford",Mid-Range,
"3B/2B, Off-Street Parking, in Bedford TX",1700,"$1,700","bedford,TX",https://dallas.craigslist.org/mdf/apa/d/bedford-3b-2b-off-street-parking-in/7922398562.html,2026-04-18T06:24:04.448905,craigslist,,,Bedford,Premium,
"Wood Burning Fireplace, Clubhouse, Controlled Access Gated Community",1475,"$1,475","2801 Turnberry Dr, Arlington, TX",https://dallas.craigslist.org/mdf/apa/d/arlington-wood-burning-fireplace/7926643299.html,2026-04-18T06:24:04.448969,craigslist,,,"2801 Turnberry Dr, Arlington",Premium,
"Flat Screen TVs, Close to Freeway, Free Parking",291,$291,north DFW,https://dallas.craigslist.org/ndf/apa/d/dallas-flat-screen-tvs-close-to-freeway/7925775489.html,2026-04-18T06:24:04.449013,craigslist,,,North Dfw,Budget,
"Manager's Special: No Lease, No Deposit Required",1689,"$1,689","380 W Lyndon B Johnson Fwy, Irving, TX",https://dallas.craigslist.org/ndf/apa/d/irving-managers-special-no-lease-no/7927971853.html,2026-04-18T06:24:04.449054,craigslist,,,"380 W Lyndon B Johnson Fwy, Irving",Premium,
"Built in Bookcases, Fireplaces, 1 Bed",1175,"$1,175",The Link Apartments!,https://dallas.craigslist.org/dal/apa/d/dallas-built-in-bookcases-fireplaces-bed/7926633743.html,2026-04-18T06:24:04.449094,craigslist,1.0,,The Link Apartments!,Mid-Range,1175.0
First month Freeeeee!!! Come visit and spring save @ Northaven!,1600,"$1,600","11457 Dennis Rd, Dallas, TX",https://dallas.craigslist.org/dal/apa/d/dallas-first-month-freeeeee-come-visit/7926905720.html,2026-04-18T06:24:04.449133,craigslist,,,"11457 Dennis Rd, Dallas",Premium,
MOVE IN ASAP!! one bedroom PRIVATE fully furnished available,450,$450,dallas,https://dallas.craigslist.org/dal/apa/d/dallas-move-in-asap-one-bedroom-private/7926697791.html,2026-04-18T06:24:04.449172,craigslist,,,Dallas,Budget,
"It's more than a home, it's a lifestyle. Join us!",825,$825,Fort Worth,https://dallas.craigslist.org/ftw/apa/d/fort-worth-its-more-than-home-its/7927984925.html,2026-04-18T06:24:04.449210,craigslist,,,Fort Worth,Mid-Range,
Spacious 700 sq ft 2 bed and luxurious amenities at Turtle Dove II Apa,1450,"$1,450",Dallas,https://dallas.craigslist.org/dal/apa/d/dallas-spacious-700-sq-ft-bed-and/7923648799.html,2026-04-18T06:24:04.449252,craigslist,2.0,,Dallas,Premium,725.0
"Explore, dream, settle. Your new journey starts with this 1 BR.",1264,"$1,264",Dallas,https://dallas.craigslist.org/dal/apa/d/dallas-explore-dream-settle-your-new/7926454876.html,2026-04-18T06:24:04.449292,craigslist,1.0,,Dallas,Premium,1264.0
Magnificent views await you at Turtle Dove I Apartments,1239,"$1,239",Dallas,https://dallas.craigslist.org/dal/apa/d/dallas-magnificent-views-await-you-at/7927434945.html,2026-04-18T06:24:04.449332,craigslist,,,Dallas,Premium,
A home to adore. Our 2 BR is a must-see.,1384,"$1,384",Dallas,https://dallas.craigslist.org/dal/apa/d/dallas-home-to-adore-our-br-is-must-see/7927434750.html,2026-04-18T06:24:04.449372,craigslist,2.0,,Dallas,Premium,692.0
"Hardwood Floors, Patio Space  – French Quarter, 1 Fitness Centers",1285,"$1,285","4123 San Jacinto St, Dallas, TX",https://dallas.craigslist.org/dal/apa/d/dallas-hardwood-floors-patio-space/7928476380.html,2026-04-18T06:24:04.449412,craigslist,,,"4123 San Jacinto St, Dallas",Premium,
"Two Sparkling Swimming Pools, Ceiling Fans, Dishwasher",1154,"$1,154","595 S Old Orchard Ln, Lewisville, TX",https://dallas.craigslist.org/ndf/apa/d/lewisville-two-sparkling-swimming-pools/7925435814.html,2026-04-18T06:24:04.449451,craigslist,,,"595 S Old Orchard Ln, Lewisville",Mid-Range,
"Dishwasher, Air Conditioner, Electronic Thermostat",1195,"$1,195","701 W Buckingham Rd, Garland, TX",https://dallas.craigslist.org/ndf/apa/d/garland-dishwasher-air-conditioner/7927529813.html,2026-04-18T06:24:04.449491,craigslist,,,"701 W Buckingham Rd, Garland",Mid-Range,
Your New Apartment Alternative Awaits - 1st Month Manager's Special!,1539,"$1,539","6801 K Ave, Plano, TX",https://dallas.craigslist.org/ndf/apa/d/plano-your-new-apartment-alternative/7926202466.html,2026-04-18T06:24:04.449530,craigslist,,,"6801 K Ave, Plano",Premium,
Cuddle with your pets in our cozy 2 Bed / 1 Bath. Visit today!,1269,"$1,269",Dallas,https://dallas.craigslist.org/dal/apa/d/dallas-cuddle-with-your-pets-in-our/7926682043.html,2026-04-18T06:24:04.449584,craigslist,2.0,1.0,Dallas,Premium,634.0
Four-legged friends welcome! Enjoy our pet-friendly 2 BD / 1 BA.,1264,"$1,264",Dallas,https://dallas.craigslist.org/dal/apa/d/dallas-four-legged-friends-welcome/7923741258.html,2026-04-18T06:24:04.449624,craigslist,2.0,1.0,Dallas,Premium,632.0
"Pay Monthly, Stress-Free - No Lease, No Deposit Required!",1507,"$1,507","12745 N Fwy, Fort Worth, TX",https://dallas.craigslist.org/ftw/apa/d/fort-worth-pay-monthly-stress-free-no/7927983167.html,2026-04-18T06:24:04.449664,craigslist,,,"12745 N Fwy, Fort Worth",Premium,
Vibrant Living Meets Cozy Retreats: Your Next Home Awaits Here!,1250,"$1,250",Dallas,https://dallas.craigslist.org/dal/apa/d/dallas-vibrant-living-meets-cozy/7927543675.html,2026-04-18T06:24:04.449707,craigslist,,,Dallas,Premium,
Travelling by bus? We're near the line! 1 br / 1 ba!,1255,"$1,255",Dallas,https://dallas.craigslist.org/dal/apa/d/dallas-travelling-by-bus-were-near-the/7925135492.html,2026-04-18T06:24:04.449748,craigslist,1.0,1.0,Dallas,Premium,1255.0
"Rooftop Lounge – Vintage Building, Hardwood Floors, Modern Finishes",1395,"$1,395","4201 San Jacinto St, Dallas, TX",https://dallas.craigslist.org/dal/apa/d/dallas-rooftop-lounge-vintage-building/7927826297.html,2026-04-18T06:24:04.449787,craigslist,,,"4201 San Jacinto St, Dallas",Premium,
Rushmoore Addition Furnished Home on Treeview,2800,"$2,800",fort worth,https://dallas.craigslist.org/ftw/apa/d/arlington-rushmoore-addition-furnished/7928475899.html,2026-04-18T06:24:04.449828,craigslist,,,Fort Worth,Luxury,
"Modern Finishes, Updated Interiors, Laundry Facilities",1300,"$1,300","2333 Escalante Ave, Fort Worth, TX",https://dallas.craigslist.org/ftw/apa/d/fort-worth-modern-finishes-updated/7927578361.html,2026-04-18T06:24:04.449867,craigslist,,,"2333 Escalante Ave, Fort Worth",Premium,
"Carpeting, Hammocks, Hardwood Floors",1040,"$1,040","6603 E Lovers Ln, Dallas, TX",https://dallas.craigslist.org/dal/apa/d/dallas-carpeting-hammocks-hardwood/7926709842.html,2026-04-18T06:24:04.449906,craigslist,,,"6603 E Lovers Ln, Dallas",Mid-Range,
"Recycling, Ceiling Fan, Swimming Pool",825,$825,"7610 Skillman St, Dallas, TX",https://dallas.craigslist.org/dal/apa/d/dallas-recycling-ceiling-fan-swimming/7928475113.html,2026-04-18T06:24:04.449967,craigslist,,,"7610 Skillman St, Dallas",Mid-Range,
Spacious private Rooms  in Richardson,775,$775,dallas,https://dallas.craigslist.org/dal/apa/d/dallas-spacious-private-rooms-in/7928475568.html,2026-04-18T06:24:04.450016,craigslist,,,Dallas,Budget,
"Breakfast bar, spacious living room and bedrooms, w/d connections!",1350,"$1,350",Lake Highlands,https://dallas.craigslist.org/dal/apa/d/dallas-breakfast-bar-spacious-living/7928474900.html,2026-04-18T06:24:04.450060,craigslist,,,Lake Highlands,Premium,
"Peaceful Courtyard, Covered Parking, Ceiling Fans",1200,"$1,200","2333 Escalante Ave, Fort Worth, TX",https://dallas.craigslist.org/ftw/apa/d/fort-worth-peaceful-courtyard-covered/7928474734.html,2026-04-18T06:24:04.450101,craigslist,,,"2333 Escalante Ave, Fort Worth",Premium,
Beyond Four Walls: A Place to Truly Call Home!,1692,"$1,692",Fort Worth,https://dallas.craigslist.org/ftw/apa/d/arlington-beyond-four-walls-place-to/7925042098.html,2026-04-18T06:24:04.450143,craigslist,,,Fort Worth,Premium,
"Live in your dream home! 1 Bd/1 ba, 700 SqFt",874,$874,Fort Worth,https://dallas.craigslist.org/ftw/apa/d/arlington-live-in-your-dream-home-bd-ba/7927958203.html,2026-04-18T06:24:04.450185,craigslist,1.0,1.0,Fort Worth,Mid-Range,874.0
"1B/1B, Early Check-in Available, Plano TX",343,$343,"9020 Rasor Boulevard, Plano, TX",https://dallas.craigslist.org/ndf/apa/d/plano-1b-1b-early-check-in-available/7926152987.html,2026-04-18T06:24:04.450228,craigslist,,,"9020 Rasor Boulevard, Plano",Budget,
"Free Weights & Yoga/Spin Area with Peloton Bikes, Garages, Tour Today",1600,"$1,600","Grand Prairie, Mansfield, Midlothian",https://dallas.craigslist.org/dal/apa/d/midlothian-free-weights-yoga-spin-area/7928474575.html,2026-04-18T06:24:04.450267,craigslist,,,"Grand Prairie, Mansfield, Midlothian",Premium,
"Ceiling fans, Cable ready, Close to freeway",700,$700,"14018 Brookgreen Drive, Dallas, TX",https://dallas.craigslist.org/ndf/apa/d/dallas-ceiling-fans-cable-ready-close/7927162346.html,2026-04-18T06:24:04.450309,craigslist,,,"14018 Brookgreen Drive, Dallas",Budget,
"Patio/Balcony, Spanish Speaking Staff, Laundry Facilities",1130,"$1,130","1455 N. Perry Rd, Carrollton, TX",https://dallas.craigslist.org/ndf/apa/d/carrollton-patio-balcony-spanish/7926887900.html,2026-04-18T06:24:04.450348,craigslist,,,"1455 N. Perry Rd, Carrollton",Mid-Range,
"1 BD, In Fort Worth, Dog Park",949,$949,"350 Shady Ln Dr, Fort Worth, TX",https://dallas.craigslist.org/ftw/apa/d/fort-worth-bd-in-fort-worth-dog-park/7925271988.html,2026-04-18T06:24:04.450389,craigslist,1.0,,"350 Shady Ln Dr, Fort Worth",Mid-Range,949.0
Wonderful 2 bed / 2 bath in prime location! Close to everything!,1175,"$1,175",Dallas - Dallas,https://dallas.craigslist.org/dal/apa/d/balch-springs-wonderful-bed-bath-in/7922995082.html,2026-04-18T06:24:04.450429,craigslist,2.0,2.0,Dallas - Dallas,Mid-Range,588.0
"Sparkling swimming pool, fireplace, w/d connections, extra storage!",1375,"$1,375",Lake Highlands,https://dallas.craigslist.org/dal/apa/d/dallas-sparkling-swimming-pool/7926973016.html,2026-04-18T06:24:04.450469,craigslist,,,Lake Highlands,Premium,
All-Inclusive Affordable Living - No Hidden Fees,1539,"$1,539","3401 N Central Expy N, McKinney, TX",https://dallas.craigslist.org/ndf/apa/d/mckinney-all-inclusive-affordable/7926594935.html,2026-04-18T06:24:04.450511,craigslist,,,"3401 N Central Expy N, Mckinney",Premium,
"Patios/Balconies, Ceiling Fans, Pet-friendly",999,$999,north DFW,https://dallas.craigslist.org/ndf/apa/d/rockwall-patios-balconies-ceiling-fans/7920619767.html,2026-04-18T06:24:04.450553,craigslist,,,North Dfw,Mid-Range,
"Air conditioning, Onsite management, Refrigerator",825,$825,"3565 Timberglen Rd, Dallas, TX",https://dallas.craigslist.org/ndf/apa/d/dallas-air-conditioning-onsite/7922175993.html,2026-04-18T06:24:04.450593,craigslist,,,"3565 Timberglen Rd, Dallas",Mid-Range,
"Now Showing 1 BR/1 BA Newly Upgraded, One Month Free!",1200,"$1,200",Euless/Bedford,https://dallas.craigslist.org/dal/apa/d/bedford-now-showing-br-ba-newly/7928472059.html,2026-04-18T06:24:04.450635,craigslist,1.0,1.0,Euless/Bedford,Premium,1200.0
"Smoke Free, High Ceilings, Walk-Up",875,$875,"7310 Marvin D. Love Fwy, Dallas, TX",https://dallas.craigslist.org/dal/apa/d/dallas-smoke-free-high-ceilings-walk-up/7926215084.html,2026-04-18T06:24:04.450676,craigslist,,,"7310 Marvin D. Love Fwy, Dallas",Mid-Range,
Your New Apartment Awaits / Tu Nuevo Apartamento Te Espera,1195,"$1,195","3130 Lombardy Ln, Dallas, TX",https://dallas.craigslist.org/ndf/apa/d/dallas-your-new-apartment-awaits-tu/7927581973.html,2026-04-18T06:24:04.450717,craigslist,,,"3130 Lombardy Ln, Dallas",Mid-Range,
Recently Renovated Townhome,2295,"$2,295",fort worth,https://dallas.craigslist.org/ftw/apa/d/fort-worth-recently-renovated-townhome/7928471969.html,2026-04-18T06:24:04.450758,craigslist,,,Fort Worth,Luxury,
A cozy 2 bedrooms 1 bath house available for rent,950,$950,Dallas,https://dallas.craigslist.org/dal/apa/d/dallas-cozy-bedrooms-bath-house/7928468098.html,2026-04-18T06:24:04.450802,craigslist,2.0,1.0,Dallas,Mid-Range,475.0
Must see custom house near elementary school,2700,"$2,700",north DFW,https://dallas.craigslist.org/ndf/apa/d/plano-must-see-custom-house-near/7928471514.html,2026-04-18T06:24:04.450843,craigslist,,,North Dfw,Luxury,
A charming 2bedrooms 1bath house available for rent,950,$950,Dallas,https://dallas.craigslist.org/dal/apa/d/dallas-charming-2bedrooms-1bath-house/7928467076.html,2026-04-18T06:24:04.450882,craigslist,2.0,1.0,Dallas,Mid-Range,475.0
Apartment Alternative: No Deposit and Fully Inclusive!,1399,"$1,399","4505 N Interstate 35, Denton, TX",https://dallas.craigslist.org/ndf/apa/d/denton-apartment-alternative-no-deposit/7927529665.html,2026-04-18T06:24:04.450922,craigslist,,,"4505 N Interstate 35, Denton",Premium,
1 Bedroom 1 Bath Available! GREAT LOCATION AND SPECIAL!,1195,"$1,195","3130 Lombardy Ln, Dallas, TX",https://dallas.craigslist.org/ndf/apa/d/dallas-bedroom-bath-available-great/7928470579.html,2026-04-18T06:24:04.450985,craigslist,1.0,1.0,"3130 Lombardy Ln, Dallas",Mid-Range,1195.0
"Fireplace, Pool, Playground",920,$920,"4328 Duck Creek Dr, Garland, TX",https://dallas.craigslist.org/mdf/apa/d/garland-fireplace-pool-playground/7927542210.html,2026-04-18T06:24:04.451029,craigslist,,,"4328 Duck Creek Dr, Garland",Mid-Range,
"Gated Access, Spacious Closets, Breakfast Bar",1350,"$1,350",Lake Highlands,https://dallas.craigslist.org/dal/apa/d/dallas-gated-access-spacious-closets/7928469647.html,2026-04-18T06:24:04.451070,craigslist,,,Lake Highlands,Premium,
Luxurious 1 bed / 1 bath available with convenient washer & dryer,1150,"$1,150",Dallas,https://dallas.craigslist.org/dal/apa/d/dallas-luxurious-bed-bath-available/7926026600.html,2026-04-18T06:24:04.451110,craigslist,1.0,1.0,Dallas,Mid-Range,1150.0
We have the perfect 1 bed 1 bath for you and your pets! Tour today!,1050,"$1,050",Dallas,https://dallas.craigslist.org/dal/apa/d/dallas-we-have-the-perfect-bed-bath-for/7926026547.html,2026-04-18T06:24:04.451149,craigslist,1.0,1.0,Dallas,Mid-Range,1050.0
"Situated in Dallas!, Fireplaces, 2B/2B",1479,"$1,479","9450 Forest Springs Dr, Dallas, TX",https://dallas.craigslist.org/dal/apa/d/dallas-situated-in-dallas-fireplaces-2b/7926708832.html,2026-04-18T06:24:04.451190,craigslist,,,"9450 Forest Springs Dr, Dallas",Premium,
The living is easy at our community! Comfortable 1 bed/1 bath!,1124,"$1,124",Dallas,https://dallas.craigslist.org/dal/apa/d/dallas-the-living-is-easy-at-our/7927544446.html,2026-04-18T06:24:04.451230,craigslist,1.0,1.0,Dallas,Mid-Range,1124.0
"Premium Luxury 1015 Sq Ft, 2 Bed / 1 Bath in Dallas",1915,"$1,915",Dallas,https://dallas.craigslist.org/dal/apa/d/dallas-premium-luxury-1015-sq-ft-bed/7927544346.html,2026-04-18T06:24:04.451268,craigslist,2.0,1.0,Dallas,Premium,958.0
"Spacious floorplans, In Dallas, 1 BD",1000,"$1,000","14000 Esperanza Road, Dallas, TX",https://dallas.craigslist.org/ndf/apa/d/dallas-spacious-floorplans-in-dallas-bd/7926647878.html,2026-04-18T06:24:04.451310,craigslist,1.0,,"14000 Esperanza Road, Dallas",Mid-Range,1000.0
"3 bedroom, On-Site Laundry Facilities, Smoke-Free Building",1700,"$1,700","bedford,TX",https://dallas.craigslist.org/mdf/apa/d/bedford-bedroom-on-site-laundry/7922607008.html,2026-04-18T06:24:04.451351,craigslist,3.0,,Bedford,Premium,567.0
"Reserved Covered Parking, Spacious Closets, Woodburning Fireplace",930,$930,"2700 Martin Dr, Bedford, TX",https://dallas.craigslist.org/mdf/apa/d/bedford-reserved-covered-parking/7926264738.html,2026-04-18T06:24:04.451392,craigslist,,,"2700 Martin Dr, Bedford",Mid-Range,
1 bed 1 bath ready to view now! Visit our community today!,915,$915,Fort Worth,https://dallas.craigslist.org/ftw/apa/d/fort-worth-bed-bath-ready-to-view-now/7927984969.html,2026-04-18T06:24:04.451434,craigslist,1.0,1.0,Fort Worth,Mid-Range,915.0
"Covered Parking, Close to Restaurants, W/D Hookup",799,$799,"7610 Skillman St, Dallas, TX",https://dallas.craigslist.org/dal/apa/d/dallas-covered-parking-close-to/7928467173.html,2026-04-18T06:24:04.451477,craigslist,,,"7610 Skillman St, Dallas",Budget,
You've never seen anything like these deals! Call now!,673,$673,Dallas - Stereo Live Dallas,https://dallas.craigslist.org/dal/apa/d/dallas-youve-never-seen-anything-like/7923203736.html,2026-04-18T06:24:04.451517,craigslist,,,Dallas - Stereo Live Dallas,Budget,
You've never seen anything like these deals! Call now!,673,$673,Dallas - Frasier Dam Park Trails,https://dallas.craigslist.org/dal/apa/d/dallas-youve-never-seen-anything-like/7923861073.html,2026-04-18T06:24:04.451556,craigslist,,,Dallas - Frasier Dam Park Trails,Budget,
All Units Washer/Dryer Connections 1st Month $599,1200,"$1,200","2333 Escalante Ave, Fort Worth, TX",https://dallas.craigslist.org/ftw/apa/d/fort-worth-all-units-washer-dryer/7928466488.html,2026-04-18T06:24:04.451597,craigslist,,,"2333 Escalante Ave, Fort Worth",Premium,
The living is easy at our community! Comfortable 1 bed/1 bath!,1520,"$1,520",Dallas,https://dallas.craigslist.org/dal/apa/d/dallas-the-living-is-easy-at-our/7925139058.html,2026-04-18T06:24:04.451638,craigslist,1.0,1.0,Dallas,Premium,1520.0
A home to adore. Our 2 BR is a must-see.,1365,"$1,365",Dallas,https://dallas.craigslist.org/dal/apa/d/dallas-home-to-adore-our-br-is-must-see/7925139391.html,2026-04-18T06:24:04.451678,craigslist,2.0,,Dallas,Premium,682.0
"Discover more: 2 BR, 1 BA, 1039 Sq Ft. It's all here!",1645,"$1,645",Dallas,https://dallas.craigslist.org/dal/apa/d/dallas-discover-more-br-ba-1039-sq-ft/7925930266.html,2026-04-18T06:24:04.451718,craigslist,2.0,1.0,Dallas,Premium,822.0
Great community for great people! Visit today!,1150,"$1,150",Dallas,https://dallas.craigslist.org/dal/apa/d/dallas-great-community-for-great-people/7925930204.html,2026-04-18T06:24:04.451757,craigslist,,,Dallas,Mid-Range,
"Controlled Access Gated Community, Wood Burning Fireplace, Dog Park",2115,"$2,115","2801 Turnberry Dr, Arlington, TX",https://dallas.craigslist.org/mdf/apa/d/arlington-controlled-access-gated/7927145893.html,2026-04-18T06:24:04.451798,craigslist,,,"2801 Turnberry Dr, Arlington",Luxury,
"Sundeck with Lounge Chairs, Ceiling Fans, Covered Parking",1300,"$1,300","2333 Escalante Ave, Fort Worth, TX",https://dallas.craigslist.org/ftw/apa/d/fort-worth-sundeck-with-lounge-chairs/7928017956.html,2026-04-18T06:24:04.451842,craigslist,,,"2333 Escalante Ave, Fort Worth",Premium,
2beds 1bath house available for rent,950,$950,Dallas,https://dallas.craigslist.org/dal/apa/d/dallas-2beds-1bath-house-available-for/7928465789.html,2026-04-18T06:24:04.451884,craigslist,2.0,1.0,Dallas,Mid-Range,475.0
April Special!!,1235,"$1,235","4123 San Jacinto St, Dallas, TX",https://dallas.craigslist.org/dal/apa/d/dallas-april-special/7928465306.html,2026-04-18T06:24:04.451926,craigslist,,,"4123 San Jacinto St, Dallas",Premium,
"Wi-Fi At Pool And Clubhouse, Dog Park, Off Street Parking",1214,"$1,214","248 E Southwest Pkwy, Lewisville, TX",https://dallas.craigslist.org/ndf/apa/d/lewisville-wi-fi-at-pool-and-clubhouse/7926888640.html,2026-04-18T06:24:04.451991,craigslist,,,"248 E Southwest Pkwy, Lewisville",Premium,
"Ceiling Fan, Garage, Granite Countertops",850,$850,"7610 Skillman St, Dallas, TX",https://dallas.craigslist.org/dal/apa/d/dallas-ceiling-fan-garage-granite/7925302964.html,2026-04-18T06:24:04.452037,craigslist,,,"7610 Skillman St, Dallas",Mid-Range,
Make your home with us! Lovely community with great style!,1152,"$1,152",Fort Worth,https://dallas.craigslist.org/ftw/apa/d/arlington-make-your-home-with-us-lovely/7927958322.html,2026-04-18T06:24:04.452079,craigslist,,,Fort Worth,Mid-Range,
"Experience the zenith of refined living: Our 1 BR, 700 Sq Ft awaits.",1072,"$1,072",Fort Worth,https://dallas.craigslist.org/ftw/apa/d/arlington-experience-the-zenith-of/7927958439.html,2026-04-18T06:24:04.452121,craigslist,1.0,,Fort Worth,Mid-Range,1072.0
"2 Sparkling Swimming Pools, Hardwood Floors, Walk-in Rain Shower",1350,"$1,350","4211 San Jacinto St, Dallas, TX",https://dallas.craigslist.org/dal/apa/d/dallas-sparkling-swimming-pools/7927869700.html,2026-04-18T06:24:04.452164,craigslist,,,"4211 San Jacinto St, Dallas",Premium,
"Clubhouse, Dog Park, On-Site Management",989,$989,"9050 Markville Drive, Dallas, TX",https://dallas.craigslist.org/dal/apa/d/dallas-clubhouse-dog-park-on-site/7926216476.html,2026-04-18T06:24:04.452207,craigslist,,,"9050 Markville Drive, Dallas",Mid-Range,
"in Plano TX, Accessible Front Desk, 1B/1B",343,$343,"9020 Rasor Boulevard, Plano, TX",https://dallas.craigslist.org/ndf/apa/d/plano-in-plano-tx-accessible-front-desk/7925800974.html,2026-04-18T06:24:04.452248,craigslist,,,"9020 Rasor Boulevard, Plano",Budget,
"Gated Access, Wood Burning Fireplace, Spacious Closets",1350,"$1,350",Lake Highlands,https://dallas.craigslist.org/dal/apa/d/dallas-gated-access-wood-burning/7928462731.html,2026-04-18T06:24:04.452288,craigslist,,,Lake Highlands,Premium,
Your pets deserve the best! Come to our Pet-Friendly 1 BD / 1 BA.,975,$975,Dallas - 5 Minute Drive to Hatfield Park,https://dallas.craigslist.org/dal/apa/d/balch-springs-your-pets-deserve-the/7926926843.html,2026-04-18T06:24:04.452328,craigslist,1.0,1.0,Dallas - 5 Minute Drive To Hatfield Park,Mid-Range,975.0
"Fireplace, w/d connections, huge balcony/patio & much more!",1350,"$1,350",Lake Highlands,https://dallas.craigslist.org/dal/apa/d/dallas-fireplace-d-connections-huge/7928462295.html,2026-04-18T06:24:04.452368,craigslist,,,Lake Highlands,Premium,
COME STAY WITH US WE ARE ONY 30 MINTUES AWAY FROM WORLD CUP STADIUM,269,$269,Dallas,https://dallas.craigslist.org/dal/apa/d/dallas-come-stay-with-us-we-are-ony-30/7928462128.html,2026-04-18T06:24:04.452408,craigslist,,,Dallas,Budget,
"1 BD, Granite countertops, Separate Dining Area",775,$775,"2501 Webb Chapel Ext, Dallas, TX",https://dallas.craigslist.org/ndf/apa/d/dallas-bd-granite-countertops-separate/7924957794.html,2026-04-18T06:24:04.452448,craigslist,1.0,,"2501 Webb Chapel Ext, Dallas",Budget,775.0
"1BD 1BA, Balcony or Patio, Efficient Appliances",1375,"$1,375","3701 N O'Connor Rd, Irving, TX",https://dallas.craigslist.org/mdf/apa/d/irving-1bd-1ba-balcony-or-patio/7926408760.html,2026-04-18T06:24:04.452487,craigslist,1.0,1.0,"3701 N O'Connor Rd, Irving",Premium,1375.0
"Sparkling swimming pool, fireplace, w/d connections, extra storage!",1350,"$1,350",Lake Highlands,https://dallas.craigslist.org/dal/apa/d/dallas-sparkling-swimming-pool/7928461784.html,2026-04-18T06:24:04.452527,craigslist,,,Lake Highlands,Premium,
WOW CANT BELIEVE ONLY 30 MINTUES AWAY FROM WORLD CUP STADIUM,269,$269,Dallas,https://dallas.craigslist.org/dal/apa/d/dallas-wow-cant-believe-only-30-mintues/7928461773.html,2026-04-18T06:24:04.452568,craigslist,,,Dallas,Budget,
"Short-Term Stay, Long-Term Comfort - Special Offer!",399,$399,"3401 N Central Expy N, McKinney, TX",https://dallas.craigslist.org/ndf/apa/d/mckinney-short-term-stay-long-term/7927968489.html,2026-04-18T06:24:04.452607,craigslist,,,"3401 N Central Expy N, Mckinney",Budget,
"Patio/balcón privado, acceso controlado, barra de desayuno",1285,"$1,285","11457 Dennis Rd, Dallas, TX",https://dallas.craigslist.org/dal/apa/d/dallas-patio-balcn-privado-acceso/7922443028.html,2026-04-18T06:24:04.452647,craigslist,,,"11457 Dennis Rd, Dallas",Premium,
GREAT SPECIALS 30 MINUTES FROM WORLD CUP STADIUM,269,$269,Dallas,https://dallas.craigslist.org/dal/apa/d/dallas-great-specials-30-minutes-from/7928461558.html,2026-04-18T06:24:04.452686,craigslist,,,Dallas,Budget,
"Great floor-plan with w/d connection, fireplace, huge balcony & more!",1350,"$1,350",Lake Highlands,https://dallas.craigslist.org/dal/apa/d/dallas-great-floor-plan-with-d/7928461330.html,2026-04-18T06:24:04.452725,craigslist,,,Lake Highlands,Premium,
"BBQ/Picnic Area, Air Conditioning, Hardwood Flooring",291,$291,north DFW,https://dallas.craigslist.org/ndf/apa/d/dallas-bbq-picnic-area-air-conditioning/7927552909.html,2026-04-18T06:24:04.452766,craigslist,,,North Dfw,Budget,
We Help With Gas! Lease at Ventana Ridge & Get $20 Gift Card,1280,"$1,280","3130 Lombardy Ln, Dallas, TX",https://dallas.craigslist.org/ndf/apa/d/dallas-we-help-with-gas-lease-at/7928461166.html,2026-04-18T06:24:04.452806,craigslist,,,"3130 Lombardy Ln, Dallas",Premium,
"Located in Dallas, 1/BD 1/BA, Window coverings",1040,"$1,040","14000 Esperanza Road, Dallas, TX",https://dallas.craigslist.org/ndf/apa/d/dallas-located-in-dallas-bd-ba-window/7927561908.html,2026-04-18T06:24:04.452845,craigslist,,,"14000 Esperanza Road, Dallas",Mid-Range,
JINGLE JANGLE SPECIALS GOING ON ONLY 30 MINUTES FROM WORLD  CUP,269,$269,Dallas,https://dallas.craigslist.org/dal/apa/d/dallas-jingle-jangle-specials-going-on/7928460995.html,2026-04-18T06:24:04.452887,craigslist,,,Dallas,Budget,
OFERTA ESPECIAL DEL GERENTE $269 POR UNA SEMANA MAS IMPUESTOS DEPOSITO,269,$269,Dallas,https://dallas.craigslist.org/dal/apa/d/dallas-oferta-especial-del-gerente-269/7928460564.html,2026-04-18T06:24:04.453003,craigslist,,,Dallas,Budget,
LAUNDRY FACILITY ON SITE AND 2 FREE WIFI CODES WITH YOUR FIRST WEEK!,269,$269,Dallas,https://dallas.craigslist.org/dal/apa/d/dallas-laundry-facility-on-site-and/7928460447.html,2026-04-18T06:24:04.453088,craigslist,,,Dallas,Budget,
NUEVO APARTAMENTO EN ALQUILER,269,$269,Dallas,https://dallas.craigslist.org/dal/apa/d/dallas-nuevo-apartamento-en-alquiler/7928460246.html,2026-04-18T06:24:04.453129,craigslist,,,Dallas,Budget,
POT OF GOLD SAVINGS 2 FREE WIFI FIRST WEEK,269,$269,Dallas,https://dallas.craigslist.org/dal/apa/d/dallas-pot-of-gold-savings-free-wifi/7928460118.html,2026-04-18T06:24:04.453211,craigslist,,,Dallas,Budget,
IF YOU MOVEIN TODAY YOU'LL EARN 2 FREE LINES OF WIFI FOR YOUR 1ST WEEK,269,$269,Dallas,https://dallas.craigslist.org/dal/apa/d/dallas-if-you-movein-today-youll-earn/7928459892.html,2026-04-18T06:24:04.453252,craigslist,,,Dallas,Budget,
KARATE CHOPPING PRICES DOWN WITH 2 FREE WIFI CODES FOR YOUR 1ST WEEK,269,$269,Dallas,https://dallas.craigslist.org/dal/apa/d/dallas-karate-chopping-prices-down-with/7928459754.html,2026-04-18T06:24:04.453293,craigslist,,,Dallas,Budget,
EARLY BIRD SPECIAL!  FREE WIFI FOR  FIRST WEEK!,269,$269,Dallas,https://dallas.craigslist.org/dal/apa/d/dallas-early-bird-special-free-wifi-for/7928459352.html,2026-04-18T06:24:04.453374,craigslist,,,Dallas,Budget,
"2 bed 1 bath, $999, 950 sq ft. One Month Free Rent",1149,"$1,149",fort worth,https://dallas.craigslist.org/ftw/apa/d/fort-worth-bed-bath-sq-ft-one-month/7927554997.html,2026-04-18T06:24:04.453415,craigslist,2.0,1.0,Fort Worth,Mid-Range,574.0
WHATS BETTER THAN WALKING TO YOUR NEW HOME 2 FREE WIFI CODES!!!,269,$269,Dallas,https://dallas.craigslist.org/dal/apa/d/dallas-whats-better-than-walking-to/7928459153.html,2026-04-18T06:24:04.453456,craigslist,,,Dallas,Budget,
WEEKLY AND MONTHLY RATES TO ACCOMMODATE YOU,269,$269,Dallas,https://dallas.craigslist.org/dal/apa/d/dallas-weekly-and-monthly-rates-to/7928458791.html,2026-04-18T06:24:04.453496,craigslist,,,Dallas,Budget,
OOPS DROPED THE PRICES AGAIN 2 FREE WIFI FIRST WEEK,269,$269,DALLAS,https://dallas.craigslist.org/dal/apa/d/dallas-oops-droped-the-prices-again/7928458724.html,2026-04-18T06:24:04.453535,craigslist,,,Dallas,Budget,
ROPING IN THAT SPECIAL DEAL 2 FREE WIFI FIRST WEEK,269,$269,Dallas,https://dallas.craigslist.org/dal/apa/d/dallas-roping-in-that-special-deal-free/7928458644.html,2026-04-18T06:24:04.453592,craigslist,,,Dallas,Budget,
ZIPPY ZIPPY ON YOUR WAY TO THE SPECIALS 2 FREE WIFI FIRST WEEK,269,$269,Dallas,https://dallas.craigslist.org/dal/apa/d/dallas-zippy-zippy-on-your-way-to-the/7928458564.html,2026-04-18T06:24:04.453634,craigslist,,,Dallas,Budget,
MUMMY  YOUR WAY TO THE GREAT DEALS 2 WIFI FIRST WEEK,269,$269,Dallas,https://dallas.craigslist.org/dal/apa/d/dallas-mummy-your-way-to-the-great/7928458400.html,2026-04-18T06:24:04.453713,craigslist,,,Dallas,Budget,
COME BE PART OF OUR FAMILY 2 FREE WIFI FIRST WEEK,269,$269,Dallas,https://dallas.craigslist.org/dal/apa/d/dallas-come-be-part-of-our-family-free/7928458287.html,2026-04-18T06:24:04.453752,craigslist,,,Dallas,Budget,
HIP HOP ON DOWN FOR BEST DEALS 2 FREE WIFI FOR THE FIRST WEEK,269,$269,Dallas,https://dallas.craigslist.org/dal/apa/d/dallas-hip-hop-on-down-for-best-deals/7928458178.html,2026-04-18T06:24:04.453796,craigslist,,,Dallas,Budget,
SIN CONTRATO DE ARRENDAMIENTO! ¡MÚDATE HOY Y RECIBE 2 LÍNEAS DE WIFI P,269,$269,Dallas,https://dallas.craigslist.org/dal/apa/d/dallas-sin-contrato-de-arrendamiento/7928458069.html,2026-04-18T06:24:04.453836,craigslist,,,Dallas,Budget,
"A world of style: Exceptional 1 BR, 684 Sq Ft spaces!",1150,"$1,150",Dallas,https://dallas.craigslist.org/dal/apa/d/dallas-world-of-style-exceptional-br/7926026506.html,2026-04-18T06:24:04.453875,craigslist,1.0,,Dallas,Mid-Range,1150.0
Spacious and beautiful. Consider your new 1 bed / 1 bath found!,1150,"$1,150",Dallas,https://dallas.craigslist.org/dal/apa/d/dallas-spacious-and-beautiful-consider/7926026460.html,2026-04-18T06:24:04.453917,craigslist,1.0,1.0,Dallas,Mid-Range,1150.0
BEST LOCATION FOR ALL YOUR NEEDS 2 FREE WIFI FIRST WEEK,269,$269,Dallas,https://dallas.craigslist.org/dal/apa/d/dallas-best-location-for-all-your-needs/7928457984.html,2026-04-18T06:24:04.454152,craigslist,,,Dallas,Budget,
ALL BILLS PAID & FURNISHED 2 FREE WIFI WITH YOUR 1ST WEEK'S STAY!,269,$269,Dallas,https://dallas.craigslist.org/dal/apa/d/dallas-all-bills-paid-furnished-free/7928457893.html,2026-04-18T06:24:04.454287,craigslist,,,Dallas,Budget,
HOME SWEET HOME... +tax and deposit,279,$279,ADDISON,https://dallas.craigslist.org/dal/apa/d/addison-home-sweet-home-tax-and-deposit/7922789874.html,2026-04-18T06:24:04.454333,craigslist,,,Addison,Budget,
"TMLP 14-mo. | Wood Style Floors, Recessed Entertainment Niche",1600,"$1,600",fort worth,https://dallas.craigslist.org/ftw/apa/d/fort-worth-tmlp-14-mo-wood-style-floors/7928457608.html,2026-04-18T06:24:04.454418,craigslist,,,Fort Worth,Premium,
Apartments for rent Weekly and Monthly rates available,279,$279,15130 Marsh Lane,https://dallas.craigslist.org/dal/apa/d/addison-apartments-for-rent-weekly-and/7924061788.html,2026-04-18T06:24:04.454461,craigslist,,,15130 Marsh Lane,Budget,
DONT JUST DRIVE BY STOP BY 2 FREE WIFI CODES FOR YOUR 1ST WEEK!,269,$269,Dallas,https://dallas.craigslist.org/dal/apa/d/dallas-dont-just-drive-by-stop-by-free/7928457569.html,2026-04-18T06:24:04.454502,craigslist,,,Dallas,Budget,
"Dallas's finest! 1 bed, 1 bath in a can't-miss location.",885,$885,Dallas,https://dallas.craigslist.org/dal/apa/d/dallas-dallass-finest-bed-bath-in-cant/7926603033.html,2026-04-18T06:24:04.454542,craigslist,1.0,1.0,Dallas,Mid-Range,885.0
This beautiful apartment is waiting for you,279,$279,15130 Marsh Lane,https://dallas.craigslist.org/dal/apa/d/addison-this-beautiful-apartment-is/7924664178.html,2026-04-18T06:24:04.454585,craigslist,,,15130 Marsh Lane,Budget,
"Find your space! Cool 2 BR, 1 BA, 889 Sq Ft.",1115,"$1,115",Dallas,https://dallas.craigslist.org/dal/apa/d/dallas-find-your-space-cool-br-ba-889/7926603003.html,2026-04-18T06:24:04.454628,craigslist,2.0,1.0,Dallas,Mid-Range,558.0
Todos los biles pagados Llamenos hoy mismo,279,$279,15130 marsh lane,https://dallas.craigslist.org/dal/apa/d/addison-todos-los-biles-pagados/7919859038.html,2026-04-18T06:24:04.454669,craigslist,,,15130 Marsh Lane,Budget,
"Cable Ready, On-Site Management, Ceiling Fan",1299,"$1,299","1400 Shady Ln, Bedford, TX",https://dallas.craigslist.org/mdf/apa/d/bedford-cable-ready-on-site-management/7926219015.html,2026-04-18T06:24:04.454709,craigslist,,,"1400 Shady Ln, Bedford",Premium,
Get a roof over your head TODAY - Immediate availability +tax and dep.,279,$279,Addison,https://dallas.craigslist.org/dal/apa/d/addison-get-roof-over-your-head-today/7919859101.html,2026-04-18T06:24:04.454750,craigslist,,,Addison,Budget,
GOING ONCE GOING TWICE  SALE 2 FREE WIFI FIRST WEEK,269,$269,Dallas,https://dallas.craigslist.org/dal/apa/d/dallas-going-once-going-twice-sale-free/7928457471.html,2026-04-18T06:24:04.454812,craigslist,,,Dallas,Budget,
Big kitchens with full size appliances,279,$279,15130 marsh lane,https://dallas.craigslist.org/dal/apa/d/addison-big-kitchens-with-full-size/7919859241.html,2026-04-18T06:24:04.454859,craigslist,,,15130 Marsh Lane,Budget,
Great Manager Special + tax and deposit,279,$279,15130 Marsh Ln Addison TX,https://dallas.craigslist.org/dal/apa/d/addison-great-manager-special-tax-and/7919860466.html,2026-04-18T06:24:04.454907,craigslist,,,15130 Marsh Ln Addison,Budget,
Great Manager special,279,$279,15130 Marsh Ln Addison TX,https://dallas.craigslist.org/dal/apa/d/addison-great-manager-special/7919861552.html,2026-04-18T06:24:04.454946,craigslist,,,15130 Marsh Ln Addison,Budget,
Fully furnished apartments with Queen Size Beds,279,$279,15130 marsh lane,https://dallas.craigslist.org/dal/apa/d/addison-fully-furnished-apartments-with/7919860250.html,2026-04-18T06:24:04.454986,craigslist,,,15130 Marsh Lane,Budget,
ROSES ARE RED VIOLET ARE BLUE WE WANT YOU,269,$269,Dallas,https://dallas.craigslist.org/dal/apa/d/dallas-roses-are-red-violet-are-blue-we/7928457376.html,2026-04-18T06:24:04.455024,craigslist,,,Dallas,Budget,
We offer HDTV with Free Cable Ready (plus Dep/Fees),279,$279,15130 marsh lane,https://dallas.craigslist.org/dal/apa/d/addison-we-offer-hdtv-with-free-cable/7924061459.html,2026-04-18T06:24:04.455063,craigslist,,,15130 Marsh Lane,Budget,
"No Verificamos Credito, Ni Contratos,",279,$279,15130 Marsh Lane,https://dallas.craigslist.org/dal/apa/d/addison-no-verificamos-credito-ni/7925747550.html,2026-04-18T06:24:04.455101,craigslist,,,15130 Marsh Lane,Budget,
Live Like Nobody Else Has (Literally!) Brand New Luxury Apartments!,2285,"$2,285","Grand Prairie, Mansfield, Midlothian",https://dallas.craigslist.org/dal/apa/d/midlothian-live-like-nobody-else-has/7928457314.html,2026-04-18T06:24:04.455142,craigslist,,,"Grand Prairie, Mansfield, Midlothian",Luxury,
HEW HAW GIDDIDY UP ON DOWN TO THE BEST PRICES IN TOWN,269,$269,Dallas,https://dallas.craigslist.org/dal/apa/d/dallas-hew-haw-giddidy-up-on-down-to/7928457281.html,2026-04-18T06:24:04.455183,craigslist,,,Dallas,Budget,
